datetime,tempmax,tempmin,temp,dew,winddir,sealevelpressure,cloudcover,visibility,PM2.5,PM10,NO,NO2,NOx,NH3,CO,SO2,O3,Benzene,Toluene,AQI
01-01-2015,21.0,9.0,14.4,10.6,10.9,1017.0,58.9,0.7,313.22,607.98,69.16,36.39,110.59,33.85,14.31,10.34,41.68,13.47,24.86,472.0
02-01-2015,15.5,12.0,14.2,12.8,95.6,1018.0,81.4,1.4,186.18,269.55,62.09,32.87,88.14,31.83,8.07,8.17,29.97,10.32,20.09,454.0
03-01-2015,17.0,13.0,14.8,13.5,303.9,1017.3,92.9,0.9,87.18,131.9,25.73,30.31,47.95,69.55,7.84,2.3,19.71,3.67,10.23,143.0
04-01-2015,18.0,10.0,13.8,10.9,296.7,1019.2,46.5,0.8,151.84,241.84,25.01,36.91,48.62,130.36,9.64,5.19,25.36,4.28,9.71,319.0
05-01-2015,20.5,8.0,13.1,8.5,288.5,1016.3,12.7,1.6,146.6,219.13,14.01,34.92,38.25,122.88,6.69,3.71,23.2,3.08,6.21,325.0
06-01-2015,17.1,9.0,11.7,8.6,296.2,1015.2,33.2,0.8,149.58,252.1,17.21,37.84,42.46,134.97,6.91,3.6,26.83,4.04,7.35,318.0
07-01-2015,13.6,6.0,9.7,8.2,291.2,1015.8,33.6,0.7,217.87,376.51,26.99,40.15,52.41,134.82,7.32,6.02,28.96,5.33,9.42,353.0
08-01-2015,12.9,7.0,9.0,7.9,275.8,1018.2,55.0,0.3,229.9,360.95,23.34,43.16,51.21,138.13,8.4,3.02,30.51,6.94,11.4,383.0
09-01-2015,15.0,7.0,9.6,7.7,288.9,1019.5,50.1,0.9,201.66,397.43,19.18,38.56,45.6,140.6,7.25,3.19,32.94,6.26,11.12,375.0
10-01-2015,17.0,7.8,11.1,8.0,292.4,1018.4,6.1,1.3,221.02,361.74,24.79,46.39,55.19,134.06,7.4,5.44,34.12,5.0,9.44,376.0
11-01-2015,15.0,7.0,10.3,7.7,304.3,1018.5,29.2,0.8,205.41,393.2,28.46,47.29,57.88,131.1,7.08,4.7,50.37,5.93,10.59,379.0
12-01-2015,16.0,6.7,10.8,8.4,112.6,1018.8,41.4,0.8,212.41,345.63,24.77,44.71,54.66,148.51,5.07,6.08,40.08,6.3,10.68,375.0
13-01-2015,17.5,6.0,10.9,8.5,121.2,1016.9,28.2,0.7,197.61,301.04,34.28,45.88,62.95,145.48,8.14,5.29,39.54,5.46,9.5,366.0
14-01-2015,15.0,9.3,12.2,9.9,115.5,1016.3,60.9,1.0,164.39,227.38,20.78,41.17,48.09,166.7,7.32,4.99,42.05,4.66,10.72,353.0
15-01-2015,18.0,5.0,11.1,8.4,275.9,1019.0,21.2,0.5,166.19,283.93,47.91,56.7,79.73,124.64,7.67,6.1,43.25,7.04,20.55,340.0
16-01-2015,19.5,8.0,12.2,10.2,265.2,1018.9,36.1,0.6,174.98,309.99,42.33,49.41,70.6,136.4,8.99,4.04,34.7,7.71,15.83,356.0
17-01-2015,21.0,8.0,13.0,10.2,288.6,1018.7,29.9,0.9,196.46,356.2,42.18,53.04,80.18,125.49,7.35,5.16,25.77,9.53,17.59,360.0
18-01-2015,21.0,6.0,12.6,8.8,284.2,1018.4,9.1,0.9,201.51,359.75,45.51,53.77,75.83,120.45,8.37,5.74,23.22,8.91,20.95,370.0
19-01-2015,20.0,8.4,13.0,9.9,268.3,1018.4,34.2,0.7,183.35,305.13,27.32,39.88,55.67,148.49,7.97,5.3,25.34,5.21,12.93,362.0
20-01-2015,17.6,10.0,12.8,10.3,127.8,1019.5,63.9,0.8,165.63,257.04,16.47,34.23,37.68,146.31,6.92,4.81,22.69,3.85,6.76,340.0
21-01-2015,17.0,10.0,12.9,10.2,104.8,1020.5,64.4,1.2,159.54,235.27,12.27,22.56,33.02,63.23,8.21,6.52,18.56,4.73,8.26,338.0
22-01-2015,13.2,11.0,12.4,11.4,101.0,1020.0,90.9,0.9,143.68,183.89,14.75,21.82,34.88,39.65,9.72,8.55,6.94,4.65,9.54,332.0
23-01-2015,19.0,12.0,14.7,12.9,347.4,1019.6,69.1,1.5,128.73,136.07,11.99,17.35,29.46,39.98,8.71,4.91,10.91,2.74,7.64,254.0
24-01-2015,16.0,10.2,12.4,10.3,291.9,1020.2,59.3,1.0,164.98,200.02,10.38,15.77,25.49,38.77,8.65,12.04,9.35,3.03,5.5,324.0
25-01-2015,17.2,9.0,12.0,9.8,285.8,1020.1,52.9,0.9,148.59,203.81,11.82,20.83,28.29,45.62,8.6,6.7,16.65,3.71,6.98,333.0
26-01-2015,15.8,11.0,13.3,11.6,328.4,1019.6,83.4,1.0,129.34,137.86,12.46,25.66,29.48,60.96,5.26,6.35,18.18,3.0,5.87,292.0
27-01-2015,17.9,9.0,13.3,10.0,293.4,1019.1,42.4,1.0,154.2,217.2,14.41,30.39,34.63,40.96,5.69,5.81,17.11,3.42,6.31,318.0
28-01-2015,17.0,8.0,10.9,8.1,281.8,1017.9,36.5,1.4,134.6,156.9,18.96,28.6,35.57,49.71,7.45,4.63,15.23,3.75,6.86,295.0
29-01-2015,18.0,5.0,11.0,6.1,284.3,1018.7,5.7,1.8,173.13,277.0,23.14,38.34,48.89,62.03,8.71,4.07,16.29,4.24,9.84,327.0
30-01-2015,19.0,6.0,11.9,6.4,288.2,1020.4,0.0,2.3,178.04,272.61,19.8,38.43,44.45,69.78,9.35,3.95,14.91,3.86,6.61,345.0
31-01-2015,20.5,7.0,12.9,6.9,280.0,1017.7,12.8,2.3,158.59,207.06,30.67,41.36,57.77,67.66,8.02,3.97,17.51,3.74,8.98,334.0
01-02-2015,22.9,8.3,14.5,9.1,122.6,1017.5,43.7,1.5,211.59,371.05,57.56,58.17,93.17,96.69,11.39,7.94,23.28,5.82,15.45,358.0
02-02-2015,23.0,11.9,17.0,11.7,111.3,1017.2,59.3,1.5,163.64,219.84,13.7,37.25,39.34,84.49,8.87,5.37,28.38,2.57,4.69,349.0
03-02-2015,22.0,14.0,17.0,12.5,178.7,1019.8,46.3,1.7,157.71,194.09,12.28,31.05,34.1,66.38,6.61,5.85,28.56,2.3,4.24,334.0
04-02-2015,20.0,10.0,14.2,11.8,288.7,1022.3,49.6,1.1,137.26,147.08,15.21,29.69,36.06,53.28,7.39,4.76,15.07,3.4,6.31,313.0
05-02-2015,22.0,9.0,14.3,8.4,290.2,1019.2,26.4,1.6,131.76,127.42,23.15,36.51,47.4,51.24,7.38,4.06,21.7,5.47,10.17,262.0
06-02-2015,24.0,8.0,15.0,7.8,304.7,1018.7,9.4,2.1,151.6,330.99,46.66,67.0,84.76,63.45,5.12,6.62,33.92,8.86,19.7,303.0
07-02-2015,24.6,8.7,16.5,9.2,59.5,1017.1,0.7,1.9,160.75,210.52,37.54,57.69,71.68,58.15,10.28,6.95,43.44,5.64,14.95,329.0
08-02-2015,23.8,10.7,16.6,9.0,301.2,1017.1,21.4,2.0,145.34,215.69,30.54,50.39,61.78,66.72,5.39,6.8,30.43,2.42,6.5,323.0
09-02-2015,25.0,11.0,17.1,9.7,312.5,1019.6,0.0,2.4,134.67,109.86,19.95,39.18,44.48,74.29,4.86,6.89,20.62,2.81,3.17,266.0
10-02-2015,23.1,10.0,15.8,9.2,294.9,1019.9,3.6,2.2,153.07,218.23,23.41,42.2,48.01,79.54,7.42,4.82,19.02,6.96,7.1,319.0
11-02-2015,23.0,9.8,16.0,10.1,300.0,1017.2,2.9,1.6,116.91,316.14,33.79,53.63,64.04,95.13,9.52,4.91,27.17,6.78,5.59,334.0
12-02-2015,23.0,9.0,15.7,10.5,289.0,1016.1,3.7,1.4,177.98,394.97,30.48,42.73,58.19,69.47,12.11,5.87,25.58,2.85,7.38,342.0
13-02-2015,25.0,10.0,16.9,8.9,271.3,1013.1,0.0,2.1,167.01,328.43,32.23,44.61,55.13,83.96,8.94,5.96,27.62,2.69,7.69,341.0
14-02-2015,27.6,12.0,19.7,11.0,293.5,1010.0,0.1,2.8,193.96,412.46,81.47,53.81,107.76,137.27,10.67,6.63,34.22,5.75,17.88,377.0
15-02-2015,27.0,12.0,18.9,12.0,283.3,1012.5,10.0,1.3,184.06,497.37,44.16,58.15,75.98,61.89,12.65,6.81,40.91,3.16,8.98,391.0
16-02-2015,25.9,15.2,20.1,14.0,109.7,1013.7,29.9,1.7,152.62,310.74,24.32,44.22,49.67,74.74,11.55,5.47,34.36,1.7,5.37,358.0
17-02-2015,27.0,16.4,20.8,15.4,110.5,1012.3,38.8,1.5,161.27,195.78,23.71,25.4,42.76,75.66,9.22,5.65,41.62,1.83,5.62,327.0
18-02-2015,29.0,15.0,21.3,15.5,135.0,1011.8,9.1,1.5,188.2,253.53,69.2,60.29,104.31,79.83,11.9,6.88,36.54,5.33,16.27,365.0
19-02-2015,29.0,17.1,22.8,17.0,117.6,1012.3,28.6,1.7,159.97,193.78,24.53,40.51,47.8,81.44,10.05,4.96,31.88,2.41,6.12,352.0
20-02-2015,29.0,18.6,23.2,16.9,98.7,1013.5,41.6,2.0,144.12,162.2,18.1,34.71,40.32,81.04,8.76,5.57,31.61,1.49,6.76,317.0
21-02-2015,27.5,16.8,21.6,13.6,298.9,1014.6,1.3,2.3,155.38,191.03,35.51,45.11,57.91,69.59,10.85,9.63,30.11,4.26,16.48,320.0
22-02-2015,29.0,15.0,21.6,13.6,286.9,1013.7,15.8,2.6,124.1,107.61,15.38,31.83,32.15,70.25,6.95,5.42,27.19,0.79,3.13,279.0
23-02-2015,29.0,15.5,21.8,16.2,306.1,1014.8,37.2,1.4,141.39,157.01,21.95,38.23,42.71,36.38,7.64,7.24,36.86,2.02,11.23,281.0
24-02-2015,28.4,16.0,21.8,17.5,127.2,1011.4,62.6,1.2,170.16,238.33,36.04,48.4,60.78,34.14,9.82,7.03,37.39,4.13,22.47,354.0
25-02-2015,28.0,20.0,23.5,17.0,106.9,1009.0,75.0,1.8,148.19,169.57,14.79,29.28,34.14,34.91,10.55,6.69,31.57,1.64,6.92,340.0
26-02-2015,27.0,14.0,20.1,6.5,305.0,1009.9,12.7,2.6,140.78,171.64,11.34,20.95,26.65,23.22,10.3,7.06,28.72,1.55,6.96,323.0
27-02-2015,27.0,13.0,19.3,6.2,346.1,1012.7,8.0,2.8,130.42,163.67,13.85,24.75,31.46,22.36,10.13,9.86,34.08,1.85,8.56,315.0
28-02-2015,28.6,13.9,20.7,7.3,43.6,1013.7,39.4,2.9,105.86,169.28,9.21,20.65,25.3,16.49,8.03,9.95,41.38,1.77,7.83,310.0
01-03-2015,21.0,15.0,17.7,14.8,119.5,1010.7,92.3,2.3,71.83,98.89,8.49,21.42,19.55,12.44,9.65,9.27,22.51,1.11,4.63,324.0
02-03-2015,22.0,15.0,17.3,15.4,128.0,1012.0,88.0,2.4,53.71,60.15,11.02,13.43,20.48,19.11,7.28,4.35,22.08,0.7,3.45,226.0
03-03-2015,21.0,13.0,16.4,12.7,311.9,1014.0,49.7,2.3,83.49,112.1,16.23,23.75,30.88,16.04,9.34,5.68,20.83,1.93,8.11,266.0
04-03-2015,23.0,11.0,16.6,10.9,294.8,1013.9,15.6,2.1,91.07,139.15,13.71,24.28,28.73,17.44,7.25,3.92,25.83,1.52,8.05,200.0
05-03-2015,25.8,11.4,18.3,10.7,250.1,1015.4,0.0,2.1,106.57,196.19,25.97,31.12,45.48,28.86,6.22,5.6,32.88,2.92,15.12,275.0
06-03-2015,27.0,14.0,20.4,11.9,328.9,1016.5,21.4,3.4,101.75,163.14,20.56,26.59,34.17,32.04,9.21,5.4,33.67,2.25,9.31,322.0
07-03-2015,26.2,14.0,19.2,13.9,109.5,1014.2,35.2,2.8,77.57,90.54,12.07,19.15,24.66,16.83,6.99,5.31,23.09,1.6,6.31,216.0
08-03-2015,24.5,15.0,19.0,14.0,103.7,1015.0,69.8,2.9,63.24,80.2,13.52,20.35,27.44,16.12,6.17,3.53,20.71,1.29,6.09,108.0
09-03-2015,23.2,14.0,18.0,8.8,317.5,1020.5,35.2,3.2,76.62,117.38,10.49,18.21,22.84,15.2,6.76,4.64,22.85,0.87,4.32,197.0
10-03-2015,24.0,9.0,16.7,9.7,288.5,1020.0,4.1,2.1,86.7,150.92,11.44,18.82,25.78,18.88,6.55,3.44,25.87,1.28,5.62,238.0
11-03-2015,25.4,12.0,18.5,11.1,289.1,1017.9,34.8,1.8,104.29,176.2,14.94,25.63,32.66,29.48,7.75,4.54,29.62,1.91,7.74,274.0
12-03-2015,27.7,13.0,19.6,11.9,301.3,1017.5,39.7,2.4,115.93,203.75,18.48,32.29,37.84,30.72,9.87,5.42,35.05,2.83,12.42,315.0
13-03-2015,28.1,15.0,21.1,13.1,227.8,1014.9,61.8,1.7,108.66,173.89,15.61,30.75,37.02,23.31,7.7,10.29,34.05,3.44,14.88,307.0
14-03-2015,27.0,16.0,21.0,15.0,185.1,1015.6,74.2,3.2,67.94,105.29,14.3,29.78,32.1,29.21,7.06,9.19,23.39,2.08,9.14,208.0
15-03-2015,20.0,15.7,17.9,14.4,145.1,1015.1,77.3,3.0,38.89,46.68,9.49,17.76,21.45,30.59,6.49,5.39,22.0,0.83,4.45,165.0
16-03-2015,25.0,15.0,19.5,14.6,137.7,1017.0,68.3,2.9,45.39,74.14,10.2,17.14,22.27,33.16,5.29,14.73,25.55,0.84,4.83,188.0
17-03-2015,26.5,15.0,20.5,14.6,298.9,1016.7,27.1,3.0,55.55,104.33,12.18,20.96,25.28,39.8,7.84,7.4,23.11,1.23,6.39,217.0
18-03-2015,25.2,14.0,19.9,13.2,297.1,1013.7,21.5,2.8,50.59,95.56,9.32,16.6,21.74,39.16,6.05,3.84,27.5,0.82,4.42,191.0
19-03-2015,29.0,15.0,21.4,12.5,298.5,1014.9,6.0,2.8,69.51,136.67,14.05,23.77,30.29,36.77,6.72,4.41,27.07,3.24,8.67,240.0
20-03-2015,30.1,15.0,22.1,13.2,289.6,1015.2,20.7,2.8,96.62,168.0,19.15,29.04,37.12,35.07,7.63,5.27,29.01,6.89,17.61,229.0
21-03-2015,31.0,17.0,24.1,15.2,310.0,1015.5,1.8,2.7,96.28,172.91,20.18,29.21,37.78,32.01,7.17,5.59,25.97,9.91,16.65,248.0
22-03-2015,32.0,18.0,24.8,16.1,295.6,1013.1,4.6,3.1,72.2,122.12,9.39,20.27,23.15,32.52,6.16,3.75,25.48,3.16,6.07,204.0
23-03-2015,34.0,18.0,25.2,15.9,292.3,1010.8,7.0,3.2,78.47,132.74,12.57,23.04,28.5,32.13,6.65,4.23,27.1,6.89,13.55,271.0
24-03-2015,34.5,18.0,25.9,15.4,313.6,1010.8,1.1,3.0,91.87,179.36,21.3,30.01,40.31,31.79,7.9,5.11,34.78,13.32,16.21,261.0
25-03-2015,34.6,19.4,27.5,16.6,315.1,1012.4,32.2,2.6,107.26,201.08,21.52,33.82,42.98,27.92,8.46,9.21,45.78,5.54,11.03,292.0
26-03-2015,36.0,20.0,28.7,17.4,288.7,1013.5,30.3,2.3,109.78,217.9,24.1,33.02,44.26,28.0,9.6,8.84,40.0,3.97,10.31,317.0
27-03-2015,35.0,23.0,28.7,14.6,302.0,1013.1,29.2,3.5,62.27,117.81,12.01,24.76,27.71,27.34,7.0,10.56,31.08,1.98,4.26,223.0
28-03-2015,35.1,19.0,27.2,14.3,284.7,1010.8,5.0,3.0,102.22,212.96,22.14,29.41,40.44,32.82,8.82,17.05,40.23,3.62,9.33,321.0
29-03-2015,29.6,22.2,25.5,14.2,114.5,1008.5,61.5,2.7,104.36,202.01,23.55,33.86,43.2,37.35,12.06,18.32,32.84,3.75,9.87,312.0
30-03-2015,27.4,20.0,23.3,17.2,98.7,1010.3,89.7,3.8,44.19,57.0,7.11,17.6,19.91,28.77,7.26,9.94,26.81,1.44,3.4,210.0
31-03-2015,31.0,19.9,24.8,17.3,102.2,1010.9,42.0,3.0,55.66,78.64,10.22,20.13,26.74,30.62,6.68,11.78,34.15,1.94,4.89,186.0
01-04-2015,33.0,20.0,26.5,17.1,142.6,1008.6,41.8,2.6,112.86,167.6,24.6,32.71,45.12,36.05,9.91,18.04,38.45,3.42,9.07,257.0
02-04-2015,34.0,22.0,28.0,15.8,117.2,1005.7,47.0,3.3,78.51,112.78,9.82,20.54,27.51,31.04,6.66,14.8,35.54,2.08,4.2,249.0
03-04-2015,31.9,20.0,24.5,18.8,121.1,1005.0,87.5,4.0,66.52,76.05,11.21,18.47,27.79,35.48,7.15,13.02,24.85,2.28,5.02,200.0
04-04-2015,25.0,18.0,21.1,17.2,126.1,1005.6,70.8,3.5,62.56,86.11,10.66,24.96,30.36,28.46,4.46,13.81,27.98,2.35,6.04,154.0
05-04-2015,29.5,17.4,23.6,16.4,123.6,1007.8,17.2,2.8,78.61,145.1,13.0,27.75,39.45,32.3,6.82,18.37,40.79,2.85,8.08,196.0
06-04-2015,32.0,19.0,25.2,15.3,309.0,1008.2,36.9,2.6,119.7,195.47,34.3,32.83,59.96,44.66,10.7,17.95,30.32,4.98,14.32,311.0
07-04-2015,29.1,19.0,23.9,15.9,34.4,1010.4,56.0,3.1,64.91,95.81,7.57,24.47,30.04,29.78,6.75,9.37,43.23,1.72,4.65,243.0
08-04-2015,33.0,19.7,26.0,14.1,316.2,1012.4,23.2,3.0,91.61,120.2,11.64,34.72,37.7,24.84,9.25,16.61,61.68,2.51,7.17,302.0
09-04-2015,32.0,19.6,25.7,14.5,303.4,1010.9,0.0,3.7,64.47,148.17,11.33,35.15,41.13,30.04,4.93,11.81,35.18,2.53,6.82,216.0
10-04-2015,34.2,19.7,27.1,14.8,284.1,1009.6,5.1,2.8,97.13,203.67,17.46,52.77,62.06,30.32,4.17,16.43,59.88,3.52,9.68,261.0
11-04-2015,37.0,20.4,28.5,14.0,275.5,1009.0,50.7,2.7,133.13,234.65,22.86,59.52,72.68,34.01,4.36,22.64,73.72,4.58,14.16,344.0
12-04-2015,27.2,21.4,24.1,17.3,358.4,1012.8,79.6,2.7,75.84,91.73,9.63,45.3,40.75,28.79,6.49,14.7,49.21,2.01,6.71,260.0
13-04-2015,31.5,19.8,24.5,17.8,107.9,1014.0,60.9,2.9,85.52,116.62,14.18,50.3,56.07,38.86,1.91,17.09,62.52,2.54,8.84,216.0
14-04-2015,31.3,21.2,26.3,17.5,109.6,1013.6,53.3,2.8,72.21,132.68,13.41,42.65,50.06,36.68,4.39,15.81,55.44,2.21,7.25,197.0
15-04-2015,34.0,21.9,27.5,17.8,125.8,1013.3,39.1,3.1,91.73,161.43,18.39,47.41,45.1,34.8,9.16,13.88,31.14,2.63,7.07,267.0
16-04-2015,31.0,22.0,25.9,16.4,329.3,1014.8,49.2,3.0,80.34,164.56,18.2,44.06,58.92,37.84,5.59,21.63,59.29,2.67,10.67,293.0
17-04-2015,36.0,19.9,27.6,16.6,290.5,1009.3,0.3,3.0,66.34,180.67,18.75,40.09,55.98,30.04,5.9,15.14,54.47,3.29,10.23,221.0
18-04-2015,38.0,23.0,30.5,15.3,293.9,1003.7,6.4,2.8,121.27,268.65,26.27,51.11,66.92,28.99,6.4,18.01,65.72,4.51,13.89,342.0
19-04-2015,41.0,23.0,32.2,15.0,227.9,1004.5,7.3,2.5,126.81,308.82,32.69,64.73,87.58,34.39,7.65,18.68,65.08,4.79,17.48,384.0
20-04-2015,39.5,27.4,33.1,15.1,127.7,1006.9,45.5,2.3,119.03,336.63,18.14,60.41,68.41,33.63,5.39,22.25,87.04,3.03,10.2,387.0
21-04-2015,38.1,26.0,31.8,13.2,280.8,1006.6,4.7,2.5,112.82,327.81,23.52,50.7,63.45,30.3,5.49,20.78,74.49,4.42,13.04,385.0
22-04-2015,38.1,23.2,31.1,8.6,289.1,1004.7,0.0,3.1,101.04,279.41,26.26,55.27,72.67,24.36,6.35,19.53,69.41,4.88,14.52,355.0
23-04-2015,39.0,22.6,31.8,9.4,283.3,1005.0,14.0,3.1,119.73,273.68,33.93,76.46,96.19,29.32,5.69,22.77,76.14,4.83,18.21,358.0
24-04-2015,40.0,24.7,32.7,10.2,18.2,1005.5,4.6,2.6,140.12,313.53,42.58,88.61,108.55,36.5,5.35,28.48,89.42,5.42,22.15,380.0
25-04-2015,36.5,24.0,30.9,14.1,106.9,1006.1,3.5,2.0,105.26,318.88,22.5,58.87,71.34,37.0,5.88,18.3,93.54,3.03,12.73,364.0
26-04-2015,33.7,24.0,28.8,16.0,110.0,1009.0,8.9,2.8,63.48,160.3,13.17,31.23,38.68,32.83,7.74,13.48,77.43,1.89,6.65,318.0
27-04-2015,37.1,24.7,30.7,17.8,109.1,1007.8,10.3,2.9,66.22,174.5,13.18,35.54,44.09,32.27,4.03,12.8,70.74,1.82,6.09,235.0
28-04-2015,37.0,23.7,31.1,17.5,108.2,1006.0,31.2,2.8,84.45,141.25,11.98,34.88,43.91,29.46,3.24,15.07,70.42,1.62,6.08,224.0
29-04-2015,36.2,24.5,31.2,17.5,110.4,1006.0,18.2,3.2,63.62,131.56,12.09,42.98,51.34,29.93,5.51,15.2,61.86,1.82,7.31,246.0
30-04-2015,40.0,26.1,32.9,16.9,114.7,1005.2,9.2,3.3,58.36,171.42,12.0,43.9,48.72,29.08,5.16,13.86,60.18,1.98,6.47,238.0
01-05-2015,39.0,25.3,32.1,15.8,80.1,1006.7,12.4,3.7,76.1,192.81,13.14,42.99,52.01,26.55,6.59,13.81,53.16,1.94,9.5,244.0
02-05-2015,39.0,24.0,30.8,14.6,275.4,1007.2,35.5,3.4,72.66,206.1,25.56,62.09,76.22,26.99,6.69,17.24,43.06,3.35,15.83,272.0
03-05-2015,40.0,23.3,31.6,11.6,343.3,1007.4,0.6,2.6,121.94,334.02,52.12,83.3,100.84,35.46,9.84,19.87,41.71,6.49,32.11,338.0
04-05-2015,39.1,23.1,31.6,11.8,286.3,1007.7,0.1,3.1,108.98,326.71,52.0,85.5,112.64,31.33,5.83,18.34,37.7,5.66,26.87,341.0
05-05-2015,41.0,22.7,32.4,10.4,282.8,1005.9,0.0,2.0,144.92,366.85,75.13,107.85,150.76,35.82,5.26,28.39,50.27,6.59,35.57,361.0
06-05-2015,45.0,26.4,34.5,8.9,283.9,1003.3,3.8,2.4,159.03,346.98,53.42,87.88,122.67,39.27,6.34,26.4,92.66,5.74,28.97,370.0
07-05-2015,43.0,28.0,35.3,7.1,289.1,1004.6,0.8,2.6,95.9,343.12,19.74,63.18,73.07,35.52,7.57,24.86,75.6,4.11,12.65,376.0
08-05-2015,42.1,28.0,34.7,8.5,268.7,1004.8,34.7,2.4,86.81,305.38,25.55,56.54,73.9,30.52,4.46,21.09,74.84,3.76,8.6,340.0
09-05-2015,42.4,27.0,35.2,11.4,248.6,1003.2,17.3,2.4,101.91,285.38,43.33,63.57,96.25,34.25,7.81,18.4,76.38,3.71,11.93,361.0
10-05-2015,43.0,28.1,35.4,12.1,266.7,1002.6,14.3,2.5,97.95,283.47,20.83,57.51,65.08,31.32,9.59,17.37,67.97,3.19,10.36,361.0
11-05-2015,39.2,29.0,33.9,14.7,260.3,1004.8,60.7,2.3,89.2,336.82,11.91,42.7,48.43,36.11,8.1,15.74,87.93,2.18,5.94,365.0
12-05-2015,38.2,27.1,32.8,18.6,65.0,1006.1,55.7,2.5,89.58,293.26,11.54,43.04,48.09,52.21,6.19,11.64,83.43,1.68,5.4,332.0
13-05-2015,35.8,24.0,29.0,19.5,65.3,1006.7,55.1,2.8,77.46,174.52,10.5,48.61,45.79,56.95,7.01,10.49,55.62,2.11,7.15,288.0
14-05-2015,37.0,23.0,29.7,17.8,328.4,1008.1,28.3,3.0,80.54,196.08,16.38,42.22,53.26,47.74,6.01,9.75,57.1,2.33,7.56,251.0
15-05-2015,36.0,25.0,29.5,18.4,338.2,1007.6,27.0,2.4,98.1,240.34,27.46,63.55,81.14,44.08,9.48,12.32,77.87,3.06,11.05,354.0
16-05-2015,37.0,23.1,30.3,18.2,73.2,1005.0,12.8,2.6,75.14,186.28,24.05,75.5,91.36,41.94,4.75,15.65,73.24,2.0,5.81,272.0
17-05-2015,40.1,25.7,32.9,17.4,134.6,1002.4,0.0,2.9,98.54,188.39,15.83,57.63,65.15,43.23,5.47,20.97,70.29,1.64,4.74,291.0
18-05-2015,43.0,29.7,36.0,16.5,127.7,1001.6,3.8,3.1,65.41,172.35,9.2,47.64,55.88,40.95,6.2,14.5,79.02,1.57,3.99,254.0
19-05-2015,42.0,25.0,33.3,17.7,279.2,1002.7,28.1,2.4,88.89,240.31,16.42,75.47,70.51,40.32,5.13,14.39,79.55,1.7,5.59,277.0
20-05-2015,43.0,23.0,32.3,15.3,280.4,1003.8,10.8,2.7,68.22,176.25,21.7,52.69,60.6,42.24,2.93,20.91,57.17,1.97,4.94,223.0
21-05-2015,45.0,28.0,35.8,13.8,281.6,1002.2,6.6,2.9,75.65,335.13,27.16,53.03,63.55,56.95,5.36,14.14,42.61,1.99,5.19,293.0
22-05-2015,44.0,28.5,36.5,10.0,279.2,1000.2,14.5,3.3,66.31,235.99,34.97,56.84,77.1,45.91,5.6,14.13,64.34,1.57,3.94,293.0
23-05-2015,44.0,28.2,37.4,11.0,261.1,998.1,14.6,3.2,59.85,313.73,38.94,52.79,75.32,36.5,5.84,10.66,66.63,1.25,3.62,287.0
24-05-2015,43.1,28.8,37.0,12.2,218.9,999.4,24.5,3.0,77.33,251.52,32.09,56.29,69.04,37.22,5.67,17.43,60.08,8.39,7.12,240.0
25-05-2015,45.0,30.0,38.7,10.6,254.9,998.3,21.7,2.6,115.0,340.66,51.72,60.65,102.66,40.26,6.58,11.79,95.72,1.52,5.27,312.0
26-05-2015,46.0,30.1,38.2,8.4,271.5,1000.5,6.8,3.1,94.25,311.08,24.98,51.77,70.51,33.51,4.34,10.07,79.4,1.39,3.57,311.0
27-05-2015,43.0,26.2,35.2,6.6,302.3,1002.9,0.0,2.9,86.12,231.35,42.01,70.43,91.54,29.05,5.57,16.89,80.71,2.32,5.37,298.0
28-05-2015,43.0,26.9,35.3,11.9,315.5,1001.9,12.9,2.0,172.38,436.17,54.87,72.67,100.54,35.74,5.04,13.35,83.33,2.06,6.62,324.0
29-05-2015,44.0,29.0,36.0,13.4,348.6,1002.6,33.2,2.4,108.33,275.6,37.21,64.94,87.55,41.74,5.62,12.17,76.1,1.9,5.71,361.0
30-05-2015,44.0,28.9,36.3,12.8,296.7,1003.6,14.1,2.6,87.96,239.12,47.05,65.26,103.71,40.66,5.99,16.33,69.95,2.48,7.66,322.0
31-05-2015,41.0,30.2,35.6,12.5,319.5,1002.4,40.6,2.6,64.4,236.8,19.04,41.86,52.3,36.27,4.53,12.15,87.47,1.49,3.31,294.0
01-06-2015,36.0,23.2,31.1,13.7,26.1,1002.5,74.2,2.7,46.55,175.39,15.74,48.55,61.72,35.12,3.62,9.81,72.89,1.03,3.71,246.0
02-06-2015,41.0,26.3,32.4,14.2,274.7,1004.3,70.7,2.9,53.61,117.86,18.64,54.29,68.84,46.09,6.6,6.8,56.2,1.4,3.98,268.0
03-06-2015,35.6,26.0,29.0,17.6,332.3,1005.2,78.1,2.9,63.66,137.7,24.46,65.25,91.72,54.47,4.88,6.59,41.92,1.67,5.8,250.0
04-06-2015,38.0,24.6,31.3,18.1,287.5,1005.4,51.9,2.7,79.84,170.55,15.02,62.38,71.04,57.58,3.89,5.93,63.0,3.42,8.0,278.0
05-06-2015,39.0,27.0,33.1,16.8,308.0,1004.9,29.7,2.6,71.87,241.67,16.05,62.63,52.93,75.0,12.54,4.26,52.03,2.49,7.32,312.0
06-06-2015,41.0,27.3,34.4,16.3,296.7,1003.0,11.1,3.1,44.09,119.29,11.64,46.37,46.37,71.88,10.2,6.15,37.09,2.21,6.02,238.0
07-06-2015,42.4,27.9,35.9,15.8,296.8,1001.1,17.5,3.4,79.27,186.2,25.76,77.07,91.29,46.57,2.99,9.6,88.63,2.41,6.95,240.0
08-06-2015,44.0,29.5,37.1,16.3,308.1,1000.3,30.7,3.1,139.6,269.3,52.45,109.34,109.95,50.63,1.56,10.44,86.2,2.8,9.42,275.0
09-06-2015,42.4,32.6,37.3,14.6,271.5,1000.5,69.6,3.0,137.37,393.7,45.61,76.88,83.43,46.56,1.37,8.84,58.0,2.82,6.91,438.0
10-06-2015,43.0,31.0,36.8,19.1,284.7,1001.0,51.1,3.3,65.3,166.31,12.93,31.27,34.21,43.33,2.58,5.91,56.84,1.93,3.83,309.0
11-06-2015,43.0,31.0,36.1,18.4,282.2,1001.6,50.4,3.2,118.09,259.73,4.41,32.99,26.63,35.31,1.24,6.02,138.5,1.58,3.79,270.0
12-06-2015,41.0,30.0,36.0,19.0,283.8,1000.3,36.4,3.2,85.01,180.06,14.51,36.36,37.13,40.11,1.19,5.52,68.6,2.0,4.5,239.0
13-06-2015,39.1,24.0,32.3,19.4,203.4,999.8,64.7,2.8,77.21,158.24,24.38,52.9,64.56,41.36,1.36,5.34,53.02,1.74,5.25,214.0
14-06-2015,32.0,22.0,27.5,21.8,82.6,1001.0,70.5,2.6,75.76,121.44,15.9,68.76,71.74,56.02,1.35,5.33,60.88,1.63,6.44,166.0
15-06-2015,37.0,27.0,30.9,22.5,97.4,1000.7,67.3,2.4,100.54,206.42,17.76,72.79,73.34,60.68,1.62,6.3,86.86,2.91,8.15,234.0
16-06-2015,38.5,27.7,32.4,22.3,276.3,1000.9,37.6,2.4,132.31,282.05,45.43,81.57,109.14,59.1,1.73,6.16,82.42,4.12,13.65,331.0
17-06-2015,39.1,27.0,33.4,21.9,290.2,999.4,15.3,2.6,119.53,271.79,32.84,70.96,82.45,55.88,1.57,6.95,74.01,3.26,8.21,324.0
18-06-2015,41.0,29.6,35.9,21.2,128.9,999.0,23.0,2.8,130.63,268.84,34.59,94.25,108.25,59.55,1.82,9.31,87.24,3.8,10.16,313.0
19-06-2015,42.0,30.8,36.4,22.3,114.2,997.8,25.8,3.1,107.6,216.46,10.75,65.21,61.04,55.65,1.38,7.8,76.58,2.25,5.76,284.0
20-06-2015,38.0,29.1,33.6,22.2,91.9,998.8,26.4,3.1,86.6,160.22,5.92,52.7,45.57,48.06,1.29,10.22,69.37,1.14,4.34,239.0
21-06-2015,34.3,25.0,30.5,23.0,77.4,999.3,41.6,3.3,59.56,82.7,7.05,50.78,40.03,66.21,1.59,6.11,52.78,0.92,4.73,149.0
22-06-2015,37.1,28.0,32.1,23.2,90.4,997.2,39.4,3.3,86.43,139.2,10.93,58.88,56.1,50.28,1.34,6.18,59.49,1.65,7.01,172.0
23-06-2015,39.2,27.0,31.9,23.7,99.7,996.2,40.2,2.9,100.72,152.18,18.2,61.18,67.45,51.94,1.42,7.9,77.04,2.45,7.98,226.0
24-06-2015,36.0,25.0,30.2,24.8,68.5,996.7,76.2,1.5,125.41,214.45,14.98,60.31,86.44,62.47,1.37,8.09,83.13,2.53,7.86,261.0
25-06-2015,30.0,23.0,26.1,23.0,33.1,995.8,74.6,2.2,37.23,62.38,17.17,44.72,104.26,50.86,1.27,7.67,46.7,1.78,5.27,182.0
26-06-2015,39.0,24.9,30.9,22.6,278.7,996.2,29.8,2.5,74.77,182.48,32.6,46.88,101.06,45.56,1.04,6.84,60.99,2.15,6.36,192.0
27-06-2015,38.0,28.0,32.4,22.3,280.1,998.0,35.4,2.9,69.57,195.2,19.12,38.55,69.98,42.36,1.01,7.28,53.19,1.42,3.4,207.0
28-06-2015,39.2,28.0,34.2,22.2,285.8,1000.8,34.1,2.9,79.88,214.78,20.29,47.19,92.99,41.99,1.13,7.53,58.34,1.39,3.86,219.0
29-06-2015,35.0,27.0,31.4,22.6,125.8,1004.7,52.5,3.0,47.46,96.78,5.47,38.37,81.25,43.97,1.07,7.74,52.21,0.83,3.04,193.0
30-06-2015,35.0,26.8,30.9,22.1,118.0,1003.9,65.4,3.1,55.88,109.92,8.54,46.06,108.22,41.11,1.05,9.15,58.33,1.15,4.92,170.0
01-07-2015,37.2,26.7,31.4,22.5,163.0,1003.1,60.0,3.1,57.38,135.43,8.88,49.64,103.97,40.5,1.06,8.88,61.42,1.58,6.78,185.0
02-07-2015,39.0,28.0,33.2,21.3,268.5,1002.7,63.9,3.1,68.95,175.9,12.29,52.45,110.32,39.09,1.12,6.86,61.7,1.63,5.71,220.0
03-07-2015,40.0,28.0,33.3,21.9,274.1,1001.3,47.8,3.4,65.15,219.31,19.11,37.09,64.79,37.32,0.99,8.91,59.66,1.26,3.34,225.0
04-07-2015,38.0,27.0,32.7,23.5,274.2,999.6,72.6,2.9,87.76,212.16,20.9,35.54,45.93,61.61,0.98,7.24,56.61,0.71,1.81,249.0
05-07-2015,38.0,32.9,35.1,23.0,266.1,997.0,69.2,2.4,135.3,435.2,19.63,36.89,49.31,64.99,1.17,6.42,58.36,0.93,2.73,282.0
06-07-2015,35.0,25.7,29.4,24.2,126.7,998.3,91.7,2.6,59.82,143.86,15.17,44.07,109.71,38.68,1.1,7.91,58.07,0.89,3.78,297.0
07-07-2015,33.5,25.0,27.8,25.1,109.5,999.0,84.1,1.8,52.29,78.64,12.97,51.7,109.52,42.09,1.34,7.82,53.72,1.74,6.76,175.0
08-07-2015,34.8,26.7,30.0,25.4,126.4,999.7,67.0,2.1,63.92,127.38,11.17,52.69,131.9,42.84,1.16,7.94,53.94,2.3,8.08,217.0
09-07-2015,33.2,26.7,29.5,25.7,188.9,999.9,81.4,2.0,65.48,128.93,25.82,53.39,152.12,48.61,1.42,7.86,42.58,3.02,9.57,234.0
10-07-2015,28.1,26.0,26.8,25.2,94.9,999.2,88.8,1.8,47.57,95.1,26.94,46.71,173.98,53.64,1.27,8.97,35.79,2.38,9.43,188.0
11-07-2015,26.2,24.0,25.4,24.6,83.4,1000.4,96.8,1.2,27.78,41.31,31.49,51.39,254.8,42.6,7.39,8.61,54.03,2.04,8.46,253.0
12-07-2015,26.0,24.6,25.3,24.7,343.0,999.1,95.2,1.3,31.21,34.16,12.34,32.77,117.79,48.01,1.28,7.15,40.41,2.21,6.13,198.0
13-07-2015,33.2,25.0,29.1,24.5,265.6,1001.7,57.6,2.9,35.97,54.36,12.21,37.71,105.59,41.83,1.31,8.11,37.7,2.07,6.02,148.0
14-07-2015,36.0,27.9,30.5,25.3,268.9,1000.2,62.5,3.4,42.98,112.83,13.94,43.46,94.25,49.32,1.3,8.04,46.71,1.94,6.34,141.0
15-07-2015,37.0,28.0,32.5,25.8,264.7,995.9,34.8,3.9,63.07,243.97,30.37,38.05,89.67,44.18,1.06,9.62,52.2,1.39,4.49,218.0
16-07-2015,37.0,29.2,31.9,24.3,241.0,995.2,69.3,3.1,74.74,244.69,22.06,36.72,102.35,31.83,1.02,10.29,72.44,0.96,4.61,268.0
17-07-2015,33.0,28.7,30.2,26.4,106.7,998.2,82.2,2.3,74.49,148.95,13.99,42.07,128.36,40.17,1.9,12.46,61.43,1.93,7.66,232.0
18-07-2015,33.3,28.0,29.7,26.3,104.2,998.8,79.2,1.9,71.95,148.87,24.83,48.79,149.07,42.26,1.18,10.77,56.32,4.03,14.23,204.0
19-07-2015,34.0,26.0,29.6,25.0,13.1,998.7,72.6,2.6,68.36,144.11,23.65,52.87,155.27,42.68,0.97,10.4,59.05,2.68,10.15,220.0
20-07-2015,32.5,25.0,28.9,25.2,84.0,999.6,78.0,2.9,42.62,83.22,16.89,62.37,196.68,41.37,1.27,10.17,61.55,1.82,7.33,223.0
21-07-2015,35.0,27.0,30.6,25.6,108.4,1001.0,68.3,2.8,38.32,78.76,12.25,46.3,151.32,38.36,0.93,12.19,46.98,2.04,8.56,218.0
22-07-2015,35.5,28.0,31.4,26.2,103.7,1002.1,70.6,2.9,38.96,85.89,19.43,41.41,132.19,36.49,0.88,20.43,44.49,5.8,16.67,165.0
23-07-2015,35.0,28.8,31.4,25.8,104.5,1002.8,64.7,3.0,36.98,81.25,11.59,39.98,116.55,33.95,1.13,16.71,49.72,7.13,7.77,155.0
24-07-2015,34.5,28.0,31.2,25.7,116.9,1002.3,69.7,2.6,47.16,94.49,9.1,43.99,146.4,37.38,0.98,16.01,47.11,1.26,5.68,154.0
25-07-2015,35.7,28.0,31.3,25.8,103.7,1000.4,60.6,2.5,44.79,97.0,10.2,42.86,141.1,37.05,1.0,15.58,45.9,1.43,5.43,184.0
26-07-2015,33.0,28.0,30.0,25.5,107.2,999.6,76.1,2.6,29.62,86.01,8.06,30.66,106.81,33.05,0.81,15.09,40.73,0.83,4.39,150.0
27-07-2015,34.0,26.1,29.4,24.0,141.7,1001.1,54.9,3.7,22.54,53.28,10.02,33.21,113.43,30.92,0.83,12.69,36.65,0.77,2.92,125.0
28-07-2015,32.6,26.0,29.1,23.0,141.3,1001.3,58.3,3.3,26.02,51.98,10.03,40.25,127.68,28.99,0.74,7.61,38.49,0.7,2.57,160.0
29-07-2015,30.0,25.7,28.1,23.3,131.3,999.3,70.7,3.0,30.22,56.7,12.18,35.69,126.64,28.56,0.66,9.68,35.89,0.82,3.14,142.0
30-07-2015,30.5,26.0,28.3,24.2,162.9,999.7,80.7,2.8,28.41,47.91,13.51,32.96,105.81,29.31,1.07,9.49,26.26,0.79,3.24,181.0
31-07-2015,31.1,25.0,28.8,24.0,223.3,1000.4,89.3,2.6,39.25,122.18,27.39,35.9,119.1,25.17,1.43,9.7,36.57,1.23,4.92,196.0
01-08-2015,31.2,25.8,28.3,24.2,216.4,1003.2,93.5,2.7,41.09,126.33,29.5,35.14,139.85,23.1,1.08,10.8,41.27,1.28,5.16,181.0
02-08-2015,33.0,25.9,28.9,24.4,237.1,1004.8,74.9,2.8,47.92,123.24,40.08,37.96,165.43,24.2,0.82,10.27,46.38,1.59,6.87,213.0
03-08-2015,35.5,26.0,30.2,24.3,269.4,1003.3,57.0,3.2,56.51,154.28,28.95,40.17,129.29,30.76,0.78,8.75,45.97,1.71,6.16,175.0
04-08-2015,35.7,27.0,31.1,24.3,266.7,1001.6,78.8,3.5,53.64,136.88,19.25,46.74,142.99,31.77,1.21,9.72,56.88,1.7,5.74,184.0
05-08-2015,34.7,27.0,29.6,26.0,130.9,999.7,85.0,2.4,57.76,117.08,25.28,52.78,164.51,37.94,1.67,10.41,54.66,2.53,9.61,228.0
06-08-2015,33.4,27.0,29.5,25.7,139.9,999.3,81.3,2.2,63.88,126.56,24.45,52.51,205.02,37.79,1.17,10.73,60.57,2.24,10.66,214.0
07-08-2015,34.1,26.0,29.6,26.5,151.2,1000.6,82.7,2.2,60.08,154.92,19.7,48.24,202.11,39.64,1.75,10.22,68.17,2.15,8.98,254.0
08-08-2015,32.0,26.0,28.6,26.2,111.8,1002.6,92.8,1.3,65.02,149.92,21.3,50.51,200.34,43.18,2.26,7.68,62.76,2.41,10.19,258.0
09-08-2015,30.4,26.0,27.7,25.9,305.7,1000.9,89.7,1.3,53.55,105.17,31.18,39.47,167.5,36.5,1.24,5.83,45.4,2.27,9.54,244.0
10-08-2015,34.0,27.0,30.2,26.3,330.3,1000.7,81.2,2.2,80.42,140.54,50.39,45.46,225.79,35.68,1.43,6.9,61.52,2.6,9.99,209.0
11-08-2015,32.3,26.0,28.5,26.8,96.9,1003.4,92.7,2.6,78.83,137.74,31.89,49.43,215.75,41.69,2.11,6.23,62.67,3.25,10.85,283.0
12-08-2015,35.0,26.0,30.0,25.3,113.7,1004.5,81.2,2.8,52.27,87.66,17.96,45.71,138.01,39.85,1.3,6.69,55.37,2.19,6.55,223.0
13-08-2015,34.7,28.0,31.2,26.2,116.2,1003.3,66.8,3.1,58.69,116.55,47.8,52.76,189.02,39.16,1.16,9.82,80.63,3.18,9.53,205.0
14-08-2015,33.0,29.0,30.7,26.4,68.0,1002.9,83.1,3.0,62.25,159.75,25.2,50.96,194.75,38.58,1.56,10.82,69.27,2.57,8.99,252.0
15-08-2015,32.7,26.0,28.3,26.3,142.1,1003.6,88.8,2.5,49.74,91.81,15.68,44.4,157.69,33.42,1.02,10.53,44.93,1.65,5.46,198.0
16-08-2015,32.7,26.0,27.8,25.6,118.3,1003.8,91.3,2.6,56.12,93.33,37.6,48.39,187.78,33.29,1.15,10.46,44.79,1.97,6.53,197.0
17-08-2015,35.0,26.9,30.5,26.0,305.7,1002.6,83.7,2.9,64.82,134.2,28.12,44.41,148.85,29.73,1.14,11.22,45.05,2.14,7.08,184.0
18-08-2015,35.0,26.0,29.5,25.2,276.6,1003.1,74.4,2.7,62.64,126.2,18.21,56.15,133.24,32.71,1.09,12.39,48.86,1.68,6.64,197.0
19-08-2015,34.8,25.0,30.0,24.8,264.2,1004.0,66.4,3.5,34.3,124.17,28.15,36.47,119.94,25.85,0.87,9.63,38.86,0.78,4.46,140.0
20-08-2015,34.0,28.0,30.4,24.1,265.3,1002.8,55.9,3.4,43.12,210.86,32.66,32.0,72.35,20.57,0.78,11.59,42.13,0.7,2.82,232.0
21-08-2015,33.0,27.0,29.8,24.3,262.8,1002.8,60.5,3.3,51.86,214.05,42.48,35.87,84.88,21.67,1.12,12.09,57.47,0.82,5.43,271.0
22-08-2015,33.0,26.5,29.9,24.3,276.2,1002.1,61.2,3.5,46.0,149.06,26.74,40.28,61.52,28.2,0.9,9.56,52.48,2.23,6.5,207.0
23-08-2015,35.0,26.0,30.4,24.9,278.2,1001.9,76.5,2.9,44.67,138.12,21.72,33.76,52.07,33.25,0.78,9.53,33.94,2.26,7.64,127.0
24-08-2015,34.5,25.0,29.9,24.5,281.0,1002.9,41.5,2.7,37.85,108.4,31.1,44.61,68.41,38.16,0.97,10.67,38.73,1.82,6.41,123.0
25-08-2015,36.0,27.0,31.3,23.7,285.0,1002.3,30.6,3.6,52.82,222.39,21.93,39.88,56.22,36.07,0.93,9.12,44.9,1.77,5.34,175.0
26-08-2015,36.1,27.0,31.6,24.5,291.9,1002.5,27.2,3.7,59.59,236.94,24.24,37.85,55.54,31.88,0.84,9.36,40.43,1.8,5.93,245.0
27-08-2015,36.9,27.0,32.1,24.8,290.2,1002.9,35.8,3.3,62.64,237.68,32.28,40.41,74.7,25.74,1.1,10.59,56.61,2.64,7.75,248.0
28-08-2015,37.0,27.4,32.0,25.0,314.7,1003.7,43.9,2.6,73.8,206.22,12.44,50.74,57.41,32.56,1.64,11.92,64.07,3.15,10.12,247.0
29-08-2015,37.0,27.0,32.1,23.8,299.0,1002.5,38.2,2.7,76.19,260.48,35.03,49.3,91.78,31.16,1.09,11.11,65.56,2.85,8.82,292.0
30-08-2015,36.2,29.0,32.5,24.1,293.6,1002.7,42.4,3.0,63.31,230.76,28.21,39.84,71.42,28.16,1.11,10.39,62.61,2.29,6.71,266.0
31-08-2015,35.6,28.0,31.5,23.0,287.0,1003.5,23.8,3.9,52.72,220.14,24.52,32.53,57.84,23.0,0.94,12.77,60.73,1.98,6.0,288.0
01-09-2015,36.0,27.0,31.5,22.2,280.4,1002.1,24.8,3.1,73.82,230.34,17.83,27.42,45.7,18.96,1.08,10.45,61.33,2.23,5.67,210.0
02-09-2015,35.5,27.0,31.0,21.3,274.1,1002.7,9.6,3.1,96.31,318.24,31.64,29.16,66.15,18.6,1.14,10.79,72.47,3.07,6.94,298.0
03-09-2015,35.5,26.0,30.8,20.7,285.1,1006.0,0.5,2.9,100.53,278.36,33.04,35.31,67.05,17.86,1.2,9.82,72.94,3.96,10.55,315.0
04-09-2015,36.7,25.0,31.6,19.3,291.1,1008.9,0.0,3.7,100.41,284.54,50.0,41.7,90.18,23.02,1.37,14.94,71.5,5.07,18.75,368.0
05-09-2015,36.2,26.0,31.0,19.4,294.5,1008.5,0.0,3.8,77.03,201.89,24.24,29.5,52.24,26.99,1.38,16.93,56.59,3.09,6.72,268.0
06-09-2015,36.1,26.0,31.0,19.4,288.0,1007.3,2.6,3.5,62.54,168.63,17.36,27.81,41.56,23.17,1.19,16.71,49.32,2.25,5.08,174.0
07-09-2015,36.6,26.0,31.2,19.1,296.6,1006.9,0.0,3.9,56.78,179.42,27.91,35.49,61.81,23.76,1.04,12.97,52.24,3.31,7.72,199.0
08-09-2015,36.0,25.0,31.3,20.8,291.7,1006.7,3.2,3.6,64.19,219.51,25.93,38.36,60.12,27.35,1.07,10.92,61.95,3.63,9.09,217.0
09-09-2015,36.1,25.0,31.2,20.5,301.2,1006.5,1.2,3.5,60.04,195.05,20.38,36.2,55.36,22.77,1.02,11.57,68.21,3.18,7.63,238.0
10-09-2015,36.8,25.0,31.2,20.2,308.1,1007.8,0.4,3.4,60.8,184.78,20.95,42.1,59.79,24.07,1.06,11.53,68.49,3.5,8.72,230.0
11-09-2015,35.7,25.0,31.0,20.7,319.2,1007.5,2.6,3.5,67.8,181.99,16.4,46.81,56.83,34.81,1.13,10.98,68.81,3.4,9.36,218.0
12-09-2015,37.0,26.0,31.7,22.0,37.0,1007.1,21.3,2.8,85.97,178.57,20.95,54.45,67.44,46.05,1.23,10.51,69.36,3.63,11.88,226.0
13-09-2015,37.6,26.0,31.6,23.0,94.1,1007.3,28.2,2.9,82.94,171.76,16.76,45.36,54.12,51.19,1.21,9.91,64.05,3.0,9.08,200.0
14-09-2015,37.2,27.5,32.3,22.0,354.0,1005.0,24.3,2.5,110.27,236.34,22.48,60.71,75.63,43.99,1.52,10.43,79.29,4.49,12.72,274.0
15-09-2015,37.6,27.0,32.5,22.9,93.9,1004.6,23.0,2.9,106.69,217.16,14.94,56.31,63.58,46.66,1.39,10.4,75.63,4.0,19.34,289.0
16-09-2015,36.7,29.0,32.1,23.5,108.9,1004.6,38.4,2.5,87.37,190.99,8.55,46.44,42.94,49.72,1.15,9.27,69.61,2.63,9.65,235.0
17-09-2015,36.0,27.5,31.6,22.9,82.8,1005.6,43.4,2.6,101.53,250.21,23.06,60.96,73.86,48.13,1.41,11.68,85.86,4.32,13.25,285.0
18-09-2015,34.7,28.0,30.9,24.5,83.0,1006.1,69.8,3.4,54.73,129.11,14.26,43.3,48.2,40.48,1.1,10.85,48.8,2.67,9.92,209.0
19-09-2015,35.0,26.1,30.1,25.7,69.8,1005.0,81.4,1.8,66.21,125.24,19.82,49.83,58.37,47.21,1.12,9.75,51.78,3.08,12.59,132.0
20-09-2015,36.0,27.0,30.4,24.5,101.1,1004.1,45.7,3.0,61.51,141.89,20.17,62.73,62.49,39.93,1.1,9.27,58.49,2.65,11.4,179.0
21-09-2015,35.0,26.0,29.7,23.2,130.7,1003.6,56.7,3.3,44.63,109.7,14.64,62.69,56.18,27.96,0.98,13.55,48.02,2.32,7.95,135.0
22-09-2015,34.5,26.0,29.8,23.8,143.7,1003.0,59.2,3.6,35.13,70.38,12.73,38.78,41.5,23.06,0.95,11.57,39.83,1.98,6.62,104.0
23-09-2015,32.1,25.0,28.3,22.0,298.1,1007.1,65.4,4.3,37.59,101.42,16.55,31.17,43.75,18.66,0.98,12.34,37.26,2.35,6.8,95.0
24-09-2015,33.1,24.0,28.2,19.5,277.7,1005.9,27.7,3.7,67.06,187.9,40.7,39.16,72.85,18.24,1.24,13.26,48.78,3.3,8.95,175.0
25-09-2015,34.0,23.0,28.3,17.7,270.7,1004.7,0.1,3.9,86.08,222.71,53.19,45.09,89.84,22.95,1.49,11.8,53.1,4.43,12.51,290.0
26-09-2015,35.0,24.4,29.3,19.7,278.3,1005.9,9.6,3.6,91.69,254.8,66.49,45.96,103.63,29.98,1.65,11.17,54.87,5.25,15.68,282.0
27-09-2015,34.2,25.0,29.4,20.8,310.3,1007.9,20.2,3.4,90.91,252.06,53.0,44.13,92.67,30.43,1.49,9.76,68.69,5.35,14.81,298.0
28-09-2015,34.0,23.0,28.6,19.9,311.6,1009.5,10.4,3.7,69.11,190.18,24.23,43.41,63.74,26.35,1.25,10.38,53.82,3.7,10.87,240.0
29-09-2015,34.0,22.0,28.4,19.4,312.6,1010.9,0.0,3.8,68.4,172.35,22.57,48.19,64.14,25.2,1.16,10.68,54.68,3.98,10.32,188.0
30-09-2015,35.0,21.0,28.5,17.7,312.2,1012.1,0.0,4.1,63.99,155.26,17.52,42.91,53.3,21.93,1.1,9.59,52.91,3.68,8.94,187.0
01-10-2015,35.1,21.0,28.2,17.8,306.2,1012.5,0.0,4.0,90.21,205.18,33.0,54.68,74.28,22.52,1.53,11.42,60.57,4.92,12.88,230.0
02-10-2015,35.0,21.0,28.0,17.6,306.9,1011.8,0.0,3.6,101.61,220.56,33.74,52.53,73.05,26.24,1.58,9.77,64.01,5.39,12.8,286.0
03-10-2015,36.0,21.0,28.4,18.5,287.5,1009.5,0.0,3.6,103.94,293.23,31.0,54.93,75.48,24.31,1.81,11.41,47.52,5.83,15.27,265.0
04-10-2015,37.0,22.0,29.5,18.2,307.5,1009.7,0.0,4.0,145.97,335.82,62.2,62.84,99.01,34.91,2.35,15.08,44.92,8.8,31.87,369.0
05-10-2015,37.0,22.5,30.0,16.7,317.7,1010.5,0.0,3.6,180.52,347.95,80.34,75.42,116.95,36.94,2.99,17.32,45.8,11.21,44.0,375.0
06-10-2015,35.0,24.0,29.3,18.7,325.5,1009.7,0.0,3.0,153.51,355.56,71.68,65.07,105.02,41.76,2.07,11.35,42.22,9.74,25.57,411.0
07-10-2015,34.0,22.0,28.9,20.2,306.6,1010.0,3.5,2.6,145.65,305.35,25.78,57.05,78.07,37.01,1.73,11.15,49.32,5.72,12.91,383.0
08-10-2015,35.2,23.0,29.1,19.5,316.2,1008.7,0.4,3.0,156.92,291.66,35.13,58.32,80.91,29.59,1.99,12.13,66.62,6.18,14.13,388.0
09-10-2015,35.6,22.0,28.9,17.6,298.8,1005.6,0.1,3.2,137.73,284.27,56.83,65.15,105.26,27.47,2.58,15.27,63.16,7.55,23.59,351.0
10-10-2015,36.5,21.7,28.8,15.5,277.2,1005.6,0.0,3.5,159.99,287.93,100.27,61.29,117.2,29.69,2.61,13.94,58.24,9.05,33.78,320.0
11-10-2015,36.0,22.3,29.0,15.4,300.9,1008.8,0.0,3.7,116.49,246.3,87.94,51.83,116.75,30.83,2.09,12.01,62.02,7.05,27.16,296.0
12-10-2015,36.0,22.4,28.8,18.6,296.0,1011.0,3.9,3.5,102.78,232.58,74.45,52.92,120.68,33.46,1.8,14.75,65.55,7.45,23.22,312.0
13-10-2015,35.0,24.0,29.6,22.0,100.0,1011.5,19.9,2.5,92.36,189.31,25.13,48.92,64.57,35.14,1.67,11.84,73.28,4.65,16.19,260.0
14-10-2015,34.5,23.9,28.3,20.7,106.0,1013.7,32.8,3.0,72.44,155.25,14.33,43.47,53.25,28.75,1.39,10.89,67.89,3.42,11.08,203.0
15-10-2015,34.2,21.0,27.4,19.8,74.5,1014.4,20.1,2.8,91.62,199.77,42.32,60.8,100.2,31.11,2.16,10.84,77.91,5.97,20.03,218.0
16-10-2015,35.0,22.2,28.4,18.9,10.1,1014.3,4.0,3.0,146.87,301.61,60.16,68.24,105.17,33.05,2.12,11.98,84.74,8.54,24.65,355.0
17-10-2015,34.4,23.0,28.1,19.8,315.6,1013.2,0.3,2.3,90.66,137.89,38.65,20.29,55.07,6.78,1.7,7.56,44.21,5.92,12.78,378.0
18-10-2015,34.0,23.0,28.3,18.9,3.0,1013.7,0.5,2.0,154.32,263.15,27.5,41.09,62.19,21.49,1.66,10.14,71.1,5.5,12.33,298.0
19-10-2015,35.5,22.9,29.0,18.9,108.9,1012.9,13.8,2.2,166.87,312.88,56.52,61.67,97.82,33.27,2.07,16.24,92.96,7.94,24.25,388.0
20-10-2015,36.0,23.7,29.2,18.7,320.2,1010.5,14.5,2.3,191.64,336.47,91.29,74.62,155.1,36.75,2.26,16.73,101.74,10.24,38.8,426.0
21-10-2015,33.0,22.0,27.6,17.5,317.0,1011.9,6.3,1.9,153.72,265.39,23.76,46.9,69.79,37.48,2.63,15.64,79.5,5.28,11.36,381.0
22-10-2015,32.6,19.0,25.3,13.4,293.2,1012.7,0.4,2.5,118.84,213.49,24.37,32.96,54.18,22.53,1.63,13.27,48.74,4.18,7.79,290.0
23-10-2015,32.0,17.0,24.5,13.2,297.1,1012.3,4.2,2.4,143.26,289.01,54.93,67.38,104.71,30.27,2.13,21.35,69.55,8.06,17.19,341.0
24-10-2015,33.5,18.5,25.6,13.5,320.7,1011.9,39.4,2.3,169.22,341.7,90.18,71.38,122.15,34.26,3.19,18.2,47.92,11.29,29.74,383.0
25-10-2015,33.8,19.3,26.5,13.9,115.8,1013.1,11.1,2.4,146.54,281.8,33.05,56.46,81.78,28.26,1.82,13.81,65.83,6.71,28.38,374.0
26-10-2015,32.2,21.0,25.8,14.6,72.2,1015.3,12.7,3.1,102.93,214.37,23.78,47.8,61.15,23.85,1.54,20.57,85.73,5.11,13.39,263.0
27-10-2015,31.0,19.0,24.9,14.7,311.4,1014.8,31.5,2.6,115.18,260.46,30.2,49.25,75.03,26.14,1.75,21.2,63.88,7.1,16.14,334.0
28-10-2015,26.0,18.0,21.2,12.3,312.7,1015.4,67.0,2.7,113.18,254.24,32.12,43.78,74.53,22.81,2.08,18.61,71.98,5.13,15.43,333.0
29-10-2015,28.3,15.0,21.5,12.7,73.2,1016.9,33.1,2.5,93.86,183.08,25.74,57.74,77.86,25.55,1.9,24.29,73.26,4.43,11.41,262.0
30-10-2015,28.9,17.0,22.8,14.8,10.7,1017.3,14.2,2.6,106.16,156.58,24.98,42.63,55.71,28.72,2.07,18.92,60.56,2.8,7.03,233.0
31-10-2015,29.4,17.0,22.6,15.3,334.7,1016.5,0.5,1.2,245.97,274.06,36.55,35.11,58.72,35.77,1.78,17.66,42.32,1.5,4.3,340.0
01-11-2015,30.2,17.7,23.5,15.1,41.0,1016.6,0.6,1.5,270.96,379.38,60.39,60.17,94.74,51.64,2.52,28.58,84.99,5.65,13.75,415.0
02-11-2015,30.8,18.0,24.2,16.0,65.1,1016.3,19.4,1.7,212.96,361.0,67.14,68.4,115.98,42.75,2.1,31.66,136.67,9.33,20.6,412.0
03-11-2015,30.0,19.7,24.7,15.2,52.2,1015.0,41.5,1.4,233.48,385.66,51.06,82.74,112.71,45.66,2.14,29.19,99.91,7.8,17.35,396.0
04-11-2015,31.2,18.0,24.0,15.2,126.6,1013.1,27.2,1.6,286.19,401.49,105.88,87.47,137.62,56.81,2.64,31.58,114.43,8.63,28.6,437.0
05-11-2015,27.0,20.0,22.4,16.3,87.8,1012.6,57.5,2.0,156.04,234.94,44.61,63.78,97.34,45.99,1.6,21.21,75.71,4.83,18.32,383.0
06-11-2015,30.1,17.0,22.6,16.3,213.9,1013.1,15.7,1.6,148.58,260.04,35.14,58.13,86.38,46.52,2.57,20.9,69.95,4.94,13.52,276.0
07-11-2015,27.2,16.0,21.8,16.4,330.9,1014.7,11.1,0.8,332.25,496.61,42.74,86.59,117.97,67.43,2.55,19.96,107.69,8.21,16.38,468.0
08-11-2015,28.0,19.1,22.7,15.3,51.6,1016.0,27.1,1.4,202.85,356.92,32.59,75.98,98.5,49.64,2.88,31.77,103.4,5.36,9.61,432.0
09-11-2015,29.2,18.0,23.1,15.2,82.7,1015.4,38.0,1.7,192.49,364.2,88.69,79.2,134.41,55.64,2.07,40.75,108.12,7.96,21.36,370.0
10-11-2015,29.0,17.6,23.0,16.2,17.9,1013.8,22.6,1.2,240.4,452.96,88.06,84.89,150.79,69.34,2.47,33.72,115.45,9.18,21.95,433.0
11-11-2015,28.2,17.0,22.5,12.9,314.7,1014.7,12.5,1.6,206.26,408.52,24.64,55.72,71.78,48.34,1.5,25.96,89.58,4.34,8.83,418.0
12-11-2015,29.0,16.0,21.9,12.6,279.1,1015.4,0.0,1.5,248.27,398.16,30.46,54.69,81.68,47.57,1.63,28.58,75.26,4.11,6.94,412.0
13-11-2015,29.0,17.0,22.6,13.9,288.8,1015.3,0.3,1.1,272.72,469.38,27.58,61.66,84.27,50.58,1.79,21.15,101.14,5.03,10.11,441.0
14-11-2015,29.2,17.0,22.8,14.4,281.0,1012.8,0.0,1.3,210.17,377.4,19.84,60.05,69.37,48.04,1.73,21.27,90.08,4.23,10.55,432.0
15-11-2015,31.1,17.3,23.3,13.1,279.0,1012.2,3.8,1.7,204.1,342.13,49.66,83.62,95.98,49.4,2.16,22.68,101.15,5.57,17.11,359.0
16-11-2015,29.0,17.9,23.3,11.0,323.8,1012.7,9.6,2.0,177.68,323.56,81.18,85.03,129.22,60.07,2.37,21.27,94.79,5.96,20.12,379.0
17-11-2015,28.2,15.0,21.0,7.9,293.5,1013.5,0.0,2.4,132.76,280.47,44.56,57.11,77.4,41.89,2.14,17.53,71.44,3.05,8.42,346.0
18-11-2015,27.0,12.5,18.9,8.3,291.2,1016.2,3.1,1.7,181.8,367.46,74.07,74.39,118.88,45.24,2.36,21.78,86.88,5.41,15.24,368.0
19-11-2015,27.1,12.0,19.1,9.6,322.9,1017.9,4.9,1.3,229.25,397.16,106.26,96.62,150.98,55.18,2.99,25.59,101.68,7.75,22.27,389.0
20-11-2015,27.4,12.5,18.9,10.5,298.9,1016.5,0.0,1.3,252.31,470.08,139.98,101.44,164.44,64.78,3.34,26.81,124.74,10.11,35.26,453.0
21-11-2015,27.9,13.0,19.1,11.0,292.5,1015.5,2.1,1.4,277.85,467.32,102.06,97.76,144.12,63.08,3.01,23.06,114.3,10.73,30.62,441.0
22-11-2015,29.1,12.7,19.3,10.6,304.4,1015.0,19.8,1.5,238.52,450.96,101.94,92.32,146.25,63.4,2.75,20.77,116.29,8.38,23.75,474.0
23-11-2015,29.0,12.1,18.5,10.5,308.1,1015.7,8.7,1.3,263.84,419.98,123.99,105.29,164.08,74.83,3.52,24.92,132.26,9.12,29.47,430.0
24-11-2015,27.1,12.0,19.0,10.2,289.3,1016.0,7.3,1.3,239.04,424.09,115.23,88.74,165.41,67.9,2.64,19.65,113.35,9.8,27.7,439.0
25-11-2015,27.5,13.0,19.4,9.4,285.8,1015.1,26.5,2.2,146.84,312.85,33.11,54.63,83.28,35.62,1.51,15.97,81.11,3.59,9.24,372.0
26-11-2015,28.7,13.0,19.8,9.4,149.6,1013.5,54.4,2.1,182.52,317.46,91.98,69.29,144.14,40.68,1.9,21.35,93.71,4.76,12.18,347.0
27-11-2015,22.2,12.0,18.3,11.3,294.0,1011.1,53.0,1.8,187.51,343.26,60.96,71.35,121.32,57.48,1.74,19.49,90.46,4.43,12.37,343.0
28-11-2015,23.8,14.8,19.0,15.7,88.8,1014.5,52.7,1.0,164.86,294.29,32.3,47.21,73.76,60.1,1.44,17.09,70.51,2.63,6.88,356.0
29-11-2015,25.0,13.7,18.9,15.0,53.9,1017.8,10.1,0.6,185.41,342.59,64.72,51.84,99.82,59.13,1.91,20.73,67.97,3.18,10.58,318.0
30-11-2015,26.8,15.0,19.6,16.4,317.9,1017.3,2.1,0.6,272.21,419.33,116.54,78.48,159.5,73.94,2.58,24.51,131.34,6.43,20.23,412.0
01-12-2015,36.0,14.0,20.3,14.9,351.8,1015.2,23.2,1.0,177.08,371.83,56.71,83.03,118.88,57.35,1.84,16.48,93.52,4.83,12.02,391.0
02-12-2015,25.0,14.7,19.0,12.5,313.3,1015.7,24.6,1.1,163.36,399.64,61.75,95.99,132.93,52.71,1.96,19.04,88.0,4.92,13.3,384.0
03-12-2015,24.1,12.2,17.6,11.9,280.1,1016.6,2.3,0.9,183.66,412.29,43.24,92.91,109.61,52.48,1.79,19.24,86.19,5.81,12.33,383.0
04-12-2015,26.0,12.0,17.9,11.0,275.2,1014.9,0.0,1.2,185.9,352.14,64.77,79.52,113.72,43.76,2.36,20.76,88.93,4.98,12.74,388.0
05-12-2015,27.1,11.0,17.8,10.6,305.0,1015.8,2.1,1.3,288.18,433.03,154.15,121.11,196.54,68.78,3.6,31.36,129.79,9.17,27.44,428.0
06-12-2015,26.0,12.1,18.2,12.5,117.5,1016.1,6.9,1.1,182.26,439.01,129.37,113.45,178.2,75.74,3.8,34.05,122.22,7.81,23.51,350.0
07-12-2015,25.9,12.7,18.5,13.5,143.4,1017.2,27.2,0.9,241.19,421.49,73.33,103.77,136.43,81.3,3.23,22.34,103.29,4.93,11.83,422.0
08-12-2015,26.7,12.6,18.7,13.3,84.7,1016.0,34.0,1.0,268.26,478.19,147.22,140.09,204.44,90.35,3.46,23.41,139.79,6.72,20.92,436.0
09-12-2015,23.7,12.8,18.5,14.4,109.5,1015.4,51.1,1.1,231.2,411.48,82.24,93.99,134.24,61.29,2.88,21.72,131.99,5.59,18.16,422.0
10-12-2015,25.4,14.5,19.5,14.7,106.2,1012.6,55.4,1.1,199.24,386.66,51.4,78.05,114.36,50.46,2.57,22.11,123.11,4.01,9.96,371.0
11-12-2015,21.8,13.7,17.9,13.8,274.3,1010.7,42.7,1.0,186.58,410.6,57.61,64.21,116.75,57.97,2.19,18.41,119.41,4.34,9.49,370.0
12-12-2015,16.0,11.0,13.2,12.1,271.0,1013.8,42.4,0.5,168.35,385.05,47.72,55.01,94.66,49.91,1.98,16.09,122.43,4.54,8.27,369.0
13-12-2015,20.7,6.0,13.2,7.3,280.3,1015.6,0.0,1.9,126.38,338.3,71.54,63.9,118.56,37.83,2.08,18.89,101.58,4.45,9.07,326.0
14-12-2015,20.8,7.0,13.1,5.4,282.0,1017.4,1.0,2.3,117.3,380.24,56.5,59.09,102.21,38.84,1.69,13.66,79.22,3.58,8.61,313.0
15-12-2015,21.8,7.0,13.4,5.5,290.1,1016.2,3.2,2.2,88.3,237.16403783783787,43.65,40.52,63.37,34.31,1.77,14.88,25.23,2.66,8.74,174.0
16-12-2015,22.7,5.9,13.5,5.0,164.0,1016.0,8.6,2.1,111.45,237.16403783783787,75.23,34.44,90.72,52.2,1.69,14.56,38.16,4.89,12.95,244.0
17-12-2015,21.0,6.9,13.1,6.5,109.9,1016.3,7.3,1.4,152.24,237.16403783783787,54.06,23.07,71.32,59.43,1.79,19.41,29.89,3.65,11.7,308.0
18-12-2015,21.0,7.0,12.8,7.3,280.0,1018.3,0.0,1.1,136.75,237.16403783783787,49.33,25.24,62.42,65.5,1.39,19.87,20.82,3.05,10.34,320.0
19-12-2015,20.7,6.0,12.7,6.7,265.9,1018.8,1.1,1.4,114.35,237.16403783783787,47.8,26.84,56.46,74.04,1.69,13.17,33.06,3.13,9.92,270.0
20-12-2015,20.7,4.6,11.8,5.9,271.7,1018.5,11.0,1.3,181.67,237.16403783783787,100.08,111.18,139.46,126.19,26.16,18.97,20.58,6.51,20.47,320.0
21-12-2015,20.5,6.6,12.6,6.8,313.3,1018.1,3.4,1.3,135.78,237.16403783783787,62.51,78.99,89.78,100.15,36.5,15.59,20.57,3.65,11.55,313.0
22-12-2015,20.1,7.0,12.7,8.1,117.3,1020.3,7.6,0.7,201.86,391.9,136.41,136.15,180.15,163.07,15.34,23.64,57.16,7.41,24.84,326.0
23-12-2015,18.7,7.3,12.3,9.3,280.0,1020.6,15.3,0.5,319.94,589.93,110.63,102.69,165.11,108.68,3.02,22.66,111.69,7.19,27.03,457.0
24-12-2015,19.0,7.0,12.1,6.2,281.6,1020.8,10.5,1.5,128.81,486.66,20.45,55.01,53.4,65.53,30.44,13.43,32.42,1.52,6.92,309.0
25-12-2015,19.0,5.0,11.4,4.6,275.1,1021.7,3.8,1.9,126.41,294.13,37.27,71.91,91.68,62.62,8.44,17.57,75.29,3.22,7.58,304.0
26-12-2015,21.1,6.0,12.8,5.3,279.7,1020.5,4.2,1.6,155.65,331.93,52.6,88.96,109.95,69.77,9.24,21.02,88.64,3.53,7.95,309.0
27-12-2015,22.1,8.0,14.4,7.4,272.7,1020.7,34.8,1.3,178.59,375.13,34.43,90.57,99.66,72.76,9.85,21.41,98.88,3.54,7.0,368.0
28-12-2015,24.1,10.0,16.5,8.5,284.2,1020.8,41.6,1.7,138.48,332.68,23.26,75.69,71.74,69.14,7.92,20.34,85.96,2.71,5.12,325.0
29-12-2015,23.7,9.0,16.1,9.2,276.5,1018.7,36.3,1.6,152.26,325.05,33.33,73.11,82.43,60.62,1.31,21.23,82.69,3.11,6.16,327.0
30-12-2015,25.0,9.0,16.0,9.7,293.6,1017.7,16.5,1.3,236.22,391.19,68.54,87.4,133.08,72.74,1.95,22.31,94.75,5.02,12.28,410.0
31-12-2015,24.4,9.0,15.4,9.2,301.4,1019.9,10.2,1.2,239.22,389.18,85.66,72.93,131.21,72.69,2.22,24.08,87.26,4.96,16.21,433.0
01-01-2016,23.7,8.0,14.8,9.3,299.6,1021.0,28.7,0.9,300.02,476.09,86.62,94.04,131.36,79.87,2.53,23.57,108.14,5.38,16.3,459.0
02-01-2016,21.7,8.3,14.5,9.9,288.9,1021.1,11.4,1.2,242.01,395.29,69.42,81.22,126.63,65.11,1.83,23.33,90.45,4.77,17.65,463.0
03-01-2016,22.1,8.0,14.1,8.8,279.7,1018.5,3.5,0.9,262.32,484.82,54.41,76.67,101.63,66.4,2.13,19.94,97.03,4.73,10.78,417.0
04-01-2016,23.2,8.0,15.4,10.4,120.9,1018.5,23.5,0.7,342.29,586.2,124.31,133.95,164.05,73.73,3.04,27.9,91.2,6.85,19.01,495.0
05-01-2016,26.3,11.3,18.1,12.2,119.3,1017.0,48.1,1.1,310.04,535.3,106.93,118.81,159.99,78.22,2.88,30.24,131.4,5.79,21.32,527.0
06-01-2016,24.3,12.0,17.9,13.6,102.0,1016.6,52.2,1.0,299.39,524.01,99.0,103.78,150.4,83.7,3.49,25.78,135.04,6.08,22.16,534.0
07-01-2016,24.0,12.0,17.5,14.6,346.1,1018.0,54.0,0.6,377.5,587.23,167.73,96.36,213.61,105.21,3.65,26.47,186.07,7.26,32.59,532.0
08-01-2016,20.6,13.0,15.6,13.1,270.3,1017.5,38.2,0.5,332.84,540.86,109.0,67.85,170.76,98.29,2.42,14.19,150.8,5.98,18.62,585.0
09-01-2016,22.0,10.0,14.9,9.6,273.4,1015.5,1.4,1.3,152.44,324.64,47.9,60.63,103.82,60.24,1.79,17.94,100.54,3.03,6.7,393.0
10-01-2016,23.7,8.7,15.5,10.1,268.6,1017.0,6.5,1.5,176.01,345.68,85.1,68.86,119.51,62.87,2.14,24.96,130.02,3.75,9.27,367.0
11-01-2016,25.0,9.0,15.9,10.4,268.7,1017.5,0.6,1.4,227.52,411.6,130.64,76.4,179.86,68.11,2.97,23.98,140.72,5.5,19.28,404.0
12-01-2016,24.8,9.4,16.5,11.2,114.4,1015.1,0.0,1.7,198.41,381.19,98.0,78.61,141.55,64.5,2.13,24.06,131.63,3.62,15.4,443.0
13-01-2016,22.6,13.0,16.6,13.1,152.4,1014.4,58.9,0.8,240.33,399.59,25.76,73.18,95.74,68.5,1.6,16.73,95.93,3.23,7.27,350.0
14-01-2016,18.8,12.2,15.0,12.5,303.9,1015.9,72.8,0.9,192.03,339.06,22.82,55.91,76.14,59.65,1.35,11.82,97.98,2.45,5.49,385.0
15-01-2016,15.0,10.0,12.3,10.2,295.2,1016.4,63.0,1.0,181.66,259.53,24.84,45.85,67.9,47.42,1.39,10.86,81.66,2.35,5.16,363.0
16-01-2016,16.8,10.0,12.8,9.6,293.3,1014.6,53.9,1.3,139.98,220.21,16.26,41.92,56.84,35.05,1.55,11.25,67.4,2.01,4.48,310.0
17-01-2016,18.6,9.0,12.9,9.4,354.8,1015.8,22.6,1.0,178.24,268.5,24.14,58.56,75.29,35.01,1.45,15.89,78.01,2.14,4.79,320.0
18-01-2016,18.8,7.0,12.2,9.2,333.2,1014.8,1.5,0.7,263.85,451.43,75.17,78.22,129.46,45.72,2.4,15.42,107.94,3.52,8.46,416.0
19-01-2016,15.0,9.0,11.2,9.9,303.9,1015.1,57.7,0.4,273.7,430.74,25.48,61.04,81.75,43.49,3.83,12.59,104.61,3.35,7.68,424.0
20-01-2016,14.7,7.7,10.5,8.6,272.6,1018.2,10.3,0.7,268.55,415.38,25.73,56.67,73.35,40.44,1.84,14.75,100.12,3.29,7.77,439.0
21-01-2016,16.8,7.0,10.9,7.4,290.6,1019.9,7.4,1.1,196.75,318.08,29.85,52.83,74.47,37.76,1.69,11.99,91.52,2.76,8.5,386.0
22-01-2016,17.2,4.0,10.2,8.1,118.5,1019.3,23.8,0.5,282.03,418.92,58.36,73.9,118.66,48.9,1.94,17.13,136.52,5.99,15.31,398.0
23-01-2016,21.8,5.2,12.7,8.9,95.9,1019.7,0.0,0.9,282.58,480.0,58.3,78.21,130.91,67.05,2.13,16.81,147.56,13.46,31.39,450.0
24-01-2016,15.6,7.0,10.2,8.7,285.8,1019.1,46.5,0.4,299.73,446.28,18.81,64.55,84.23,56.64,1.65,14.74,132.54,15.58,20.63,466.0
25-01-2016,17.8,6.0,10.7,7.1,294.3,1017.3,18.5,1.0,216.66,362.08,27.18,66.89,84.08,44.74,1.36,16.09,103.53,9.19,15.77,389.0
26-01-2016,21.0,7.5,13.1,9.9,87.1,1015.3,54.7,0.7,301.47,462.91,33.24,80.14,104.98,58.38,1.7,17.97,139.27,9.94,15.21,436.0
27-01-2016,23.8,10.2,16.1,10.8,121.3,1014.4,24.7,1.4,248.16,424.11,68.34,87.93,136.31,63.16,2.03,17.09,142.54,10.99,27.76,445.0
28-01-2016,23.8,9.2,15.5,10.1,269.0,1015.3,0.0,1.1,269.44,463.03,96.44,90.45,154.28,68.84,2.08,23.63,151.6,13.95,33.02,443.0
29-01-2016,27.9,11.8,17.8,12.4,111.2,1017.1,27.5,1.0,303.25,498.38,140.59,117.07,139.36,74.39,2.64,29.99,175.04,17.15,48.03,488.0
30-01-2016,26.7,13.7,19.7,15.0,122.4,1014.9,9.8,1.1,273.56,450.72,114.59,111.19,202.98,78.01,2.76,27.94,157.74,12.83,36.72,497.0
31-01-2016,21.0,14.0,17.2,13.6,295.4,1015.6,51.4,1.0,238.14,291.16,22.08,46.17,61.75,53.86,1.92,12.4,75.74,3.92,9.75,428.0
01-02-2016,22.0,9.0,15.1,9.2,297.1,1017.4,5.0,1.9,118.68,193.5,20.04,60.12,73.48,37.51,1.09,16.33,90.99,2.95,6.96,305.0
02-02-2016,20.9,7.0,14.4,6.1,298.3,1018.1,15.6,2.2,128.64,242.87,26.56,63.6,86.07,32.1,1.15,19.08,94.8,3.69,7.54,291.0
03-02-2016,21.0,7.0,14.1,5.6,284.3,1017.8,0.4,2.2,130.98,273.78,18.78,61.81,80.6,30.46,1.11,24.23,95.15,4.67,8.58,305.0
04-02-2016,23.0,7.0,14.7,5.8,283.6,1017.3,16.8,2.0,126.24,269.21,63.15,67.45,115.18,31.31,1.47,23.7,85.13,9.22,17.93,300.0
05-02-2016,23.0,6.0,14.7,6.3,301.7,1016.3,5.6,1.7,194.52,383.25,103.55,86.15,180.54,38.98,1.86,30.2,121.22,14.0,29.14,368.0
06-02-2016,24.0,8.0,15.8,8.3,125.5,1013.0,6.3,1.6,216.84,348.14,139.49,85.86,143.3,41.58,2.55,26.22,149.67,12.93,36.79,405.0
07-02-2016,21.0,12.3,16.6,11.6,37.2,1014.9,43.1,1.6,162.85,249.91,24.15,72.61,90.15,46.76,1.29,20.74,95.23,5.8,12.12,334.0
08-02-2016,23.0,9.1,15.7,10.4,310.5,1017.3,13.4,2.0,115.34,186.86,46.36,57.0,102.85,45.57,1.29,19.21,74.61,7.77,15.39,298.0
09-02-2016,23.8,8.0,15.8,10.9,284.8,1015.3,1.6,1.2,177.03,261.7,53.77,65.45,101.07,44.85,1.49,19.53,106.92,9.51,19.03,321.0
10-02-2016,25.8,9.0,17.0,10.1,231.1,1012.6,5.7,1.4,205.21,341.38,99.27,81.98,159.3,48.24,2.07,21.61,129.76,11.66,25.69,365.0
11-02-2016,26.0,12.4,18.4,8.8,146.7,1011.0,12.5,2.3,153.76,270.49,61.14,70.99,101.48,41.33,1.95,21.25,93.1,8.32,31.62,346.0
12-02-2016,25.8,10.0,18.3,8.7,23.8,1012.7,16.7,2.2,145.14,296.27,41.52,79.43,102.77,35.09,1.56,26.86,117.2,7.44,12.45,334.0
13-02-2016,22.3,12.7,17.0,9.1,28.8,1014.3,35.8,2.8,110.26,228.81,15.7,56.05,60.22,33.55,2.14,20.94,101.47,3.59,6.06,333.0
14-02-2016,23.8,10.2,16.8,9.8,306.9,1016.9,0.0,2.2,99.13,177.49,21.11,61.73,71.42,35.13,1.11,29.71,89.22,4.58,8.6,257.0
15-02-2016,22.8,11.4,17.3,9.3,317.9,1018.5,44.2,2.3,114.63,219.52,26.8,66.8,88.44,35.02,1.87,27.44,93.47,7.27,11.64,265.0
16-02-2016,24.0,10.0,17.2,8.1,332.6,1019.9,15.6,2.3,121.24,216.09,27.2,65.75,91.8,32.58,1.26,29.19,95.46,6.81,10.5,297.0
17-02-2016,25.0,11.0,18.3,9.0,327.1,1019.3,31.5,2.4,135.18,236.15,30.25,80.76,107.45,35.79,1.31,37.35,89.38,8.71,17.99,289.0
18-02-2016,23.0,15.0,18.6,14.1,298.9,1017.3,87.7,1.5,144.47,217.16,41.39,76.11,115.01,54.55,1.38,26.28,90.48,9.96,24.42,310.0
19-02-2016,29.8,15.0,21.8,16.1,305.6,1015.2,86.9,1.3,194.28,307.38,54.8,66.45,119.87,67.61,1.81,32.25,108.89,12.16,22.71,359.0
20-02-2016,27.8,19.9,22.9,18.1,276.6,1014.2,64.3,1.5,146.32,225.66,72.64,47.72,109.23,79.34,1.51,20.15,84.64,9.3,29.83,338.0
21-02-2016,25.8,16.0,19.6,13.4,279.1,1015.0,9.2,2.4,76.57,137.44,9.77,30.51,38.62,47.95,1.0,10.43,73.2,3.52,6.16,209.0
22-02-2016,28.0,11.0,19.3,10.4,275.8,1014.5,0.0,2.4,89.71,137.44,12.59,41.47,48.81,30.92,1.03,20.79,75.96,4.01,4.69,213.0
23-02-2016,29.0,13.0,20.2,9.0,273.6,1012.8,0.0,3.4,86.92,194.61,32.16,56.77,58.22,28.75,1.36,21.27,95.32,2.25,4.9,208.0
24-02-2016,30.3,12.0,20.2,10.8,102.1,1012.5,0.0,2.4,122.47,309.47,93.53,117.04,150.74,35.85,1.97,50.44,200.41,4.76,14.62,318.0
25-02-2016,30.0,12.0,20.8,11.5,123.3,1015.1,14.0,2.6,134.22,232.45,53.41,81.93,121.16,36.07,1.65,21.19,97.56,6.49,15.91,311.0
26-02-2016,29.9,13.4,21.9,11.6,93.9,1018.0,17.7,2.7,121.72,236.27,50.39,76.82,101.86,27.19,1.54,21.44,115.84,2.54,8.82,293.0
27-02-2016,29.7,14.7,21.9,12.5,124.2,1018.3,0.0,2.3,137.59,245.96,63.25,86.59,102.02,36.93,1.85,24.43,117.3,3.25,10.6,341.0
28-02-2016,29.8,14.5,21.7,14.5,106.7,1018.5,1.6,2.0,148.93,263.73,84.62,76.43,114.7,41.99,1.99,21.63,130.99,3.33,11.29,335.0
29-02-2016,30.8,16.4,22.8,15.6,108.9,1018.4,11.1,1.9,147.84,255.34,85.99,76.4,134.66,49.77,1.96,17.63,137.57,5.95,17.45,342.0
01-03-2016,30.8,16.3,23.4,14.8,23.9,1015.9,20.3,1.9,208.62,299.88,113.63,102.02,151.93,51.11,2.54,25.49,138.3,11.02,34.16,368.0
02-03-2016,32.1,16.5,24.5,14.2,352.1,1015.2,13.8,2.0,164.38,244.58,123.21,102.23,181.1,41.75,2.06,25.53,157.07,6.27,24.07,361.0
03-03-2016,34.0,16.5,24.8,14.2,0.8,1015.1,2.3,2.4,168.09,264.31,116.23,100.71,182.37,48.37,2.77,33.45,113.89,10.66,37.95,346.0
04-03-2016,34.0,18.7,25.5,14.1,299.5,1012.8,31.3,2.3,111.42,201.71,28.05,60.47,79.02,39.42,1.36,16.6,103.88,3.87,10.79,311.0
05-03-2016,29.8,17.0,22.8,13.9,12.7,1012.8,80.5,2.9,53.46,129.37,9.63,48.15,48.15,31.6,0.73,19.05,84.88,1.82,4.78,214.0
06-03-2016,28.0,16.2,21.6,15.6,57.5,1013.1,71.7,3.1,53.28,60.61,17.03,55.78,61.54,44.64,0.85,15.1,81.26,2.32,5.23,165.0
07-03-2016,29.0,16.9,22.7,15.8,313.0,1012.6,33.8,2.5,102.02,167.78,33.11,54.69,84.84,54.88,1.28,20.44,82.97,7.04,12.43,218.0
08-03-2016,28.1,17.0,22.5,15.0,290.6,1011.8,28.7,2.5,88.44,134.81,19.94,43.9,61.04,40.96,1.07,26.24,61.83,4.62,8.24,230.0
09-03-2016,29.0,16.0,22.8,14.3,283.6,1012.1,19.8,2.0,109.02,164.84,35.5,49.75,76.08,35.16,1.16,31.56,66.4,5.35,10.61,248.0
10-03-2016,31.0,16.2,24.0,15.5,293.4,1013.2,15.4,2.0,125.61,240.67,54.54,60.19,100.31,37.73,1.62,26.69,92.04,8.42,15.62,274.0
11-03-2016,33.2,20.0,24.0,17.5,113.2,1012.7,57.0,2.2,85.35,204.96,38.38,30.44,48.08,28.85,2.31,9.58,36.99,3.43,11.5,212.0
12-03-2016,30.8,18.9,23.4,16.8,87.9,1010.2,66.9,2.6,60.17,237.16403783783787,8.84,15.89,19.14,42.478415015641296,2.15,8.04,31.91,1.8,4.28,127.0
13-03-2016,28.9,17.6,23.0,16.1,84.4,1010.9,54.6,3.3,58.95,237.16403783783787,4.1,10.63,15.13,42.478415015641296,1.58,7.25,66.25,1.08,2.48,112.0
14-03-2016,27.0,17.8,22.3,15.0,34.5,1013.7,53.2,3.3,56.81,79.14,23.42,38.11,46.02,23.58,1.34,18.53,55.08,1.83,6.96,111.0
15-03-2016,29.3,15.0,22.3,14.1,302.3,1014.9,26.2,2.6,74.79,162.38,71.57,34.54,75.09,26.0,1.79,20.36,77.88,3.12,11.97,187.0
16-03-2016,29.1,14.0,22.4,13.5,290.0,1013.0,31.4,2.5,67.17,152.46,21.36,36.61,53.44,29.89,1.09,17.04,48.58,3.84,7.91,123.0
17-03-2016,31.7,18.0,24.7,14.0,123.9,1010.6,73.1,2.9,75.74,137.98,22.03,65.89,78.38,31.57,1.12,21.48,73.05,5.96,11.2,194.0
18-03-2016,31.7,20.7,25.5,16.6,115.7,1010.1,51.9,2.7,74.51,133.3,24.06,64.64,69.35,30.43,1.29,27.7,70.45,2.11,5.0,186.0
19-03-2016,33.0,20.0,25.5,16.4,86.5,1009.4,51.0,2.5,105.7,194.95,67.6,77.89,131.48,38.99,2.41,30.74,56.49,3.63,10.69,242.0
20-03-2016,33.0,19.5,25.9,17.2,0.3,1010.2,19.6,2.7,101.7,167.64,55.13,57.84,99.81,52.94,1.64,20.52,97.74,4.78,13.34,267.0
21-03-2016,32.0,20.5,25.7,12.9,323.7,1011.4,12.2,3.4,61.7,129.21,12.64,36.37,45.3,33.75,1.12,15.98,65.16,3.59,6.75,207.0
22-03-2016,30.0,17.0,23.5,8.9,286.6,1009.8,0.0,3.4,50.96,139.62,5.98,31.12,32.05,21.64,0.96,13.54,70.69,2.62,4.66,176.0
23-03-2016,32.2,16.0,24.1,10.5,281.3,1009.7,0.4,3.3,79.93,148.1,34.57,50.45,67.93,27.0,1.3,22.15,84.89,3.33,6.61,188.0
24-03-2016,37.0,16.0,26.2,12.3,159.6,1013.1,19.9,2.7,190.39,228.19,85.62,88.44,138.71,39.36,2.39,24.44,169.36,4.06,10.5,338.0
25-03-2016,36.4,19.0,28.2,15.9,87.5,1013.3,27.1,2.6,136.06,217.03,47.16,85.91,112.34,44.01,2.33,32.84,142.38,4.49,10.03,324.0
26-03-2016,27.1,20.0,24.4,16.2,302.2,1013.5,59.4,2.8,78.83,122.24,12.75,42.51,48.36,37.72,1.02,23.86,66.2,2.69,6.11,256.0
27-03-2016,32.0,18.0,25.3,14.3,310.5,1013.0,33.0,3.5,70.35,54.0,6.56,37.18,36.21,28.36,0.73,18.09,66.87,1.53,3.56,178.0
28-03-2016,33.0,16.0,25.1,13.4,302.5,1012.8,7.2,3.4,86.4,110.31,21.37,53.01,67.76,27.83,1.04,25.75,77.27,3.55,7.83,219.0
29-03-2016,32.2,18.0,25.8,13.2,304.9,1011.6,23.3,2.8,87.75,156.89,18.61,48.72,62.06,29.91,1.28,42.34,67.87,4.58,8.11,200.0
30-03-2016,35.0,19.3,27.5,13.0,277.0,1011.6,29.4,2.6,90.46,163.7,28.13,46.74,64.38,27.39,1.41,36.91,47.01,4.02,8.45,215.0
31-03-2016,37.4,20.7,29.1,12.6,287.5,1009.7,38.2,2.7,133.62,218.3,93.5,61.21,117.28,34.59,2.68,19.64,62.15,4.78,11.76,293.0
01-04-2016,38.0,21.0,30.0,13.8,296.1,1006.9,16.4,2.9,130.7,237.16403783783787,5.58,15.89,20.05,42.478415015641296,1.48,12.78,29.69,3.34,5.74,316.0
02-04-2016,39.0,22.0,30.9,14.6,305.0,1008.3,32.4,3.5,118.44,237.16403783783787,16.79,18.29,30.66,42.478415015641296,2.28,16.35,29.38,6.12,9.87,294.0
03-04-2016,39.5,25.8,32.6,17.2,49.0,1008.5,42.7,2.7,150.98,217.84,63.75,44.98,91.09,62.22,1.73,27.44,69.66,9.05,17.57,314.0
04-04-2016,39.4,24.5,32.0,13.5,271.6,1007.3,44.2,3.1,133.06,377.61,54.82,31.55,70.95,59.55,1.79,20.54,63.44,10.72,15.68,332.0
05-04-2016,36.2,26.8,31.5,12.8,336.1,1007.2,54.8,3.6,97.83,174.11,7.16,20.15,26.39,24.26,1.38,18.86,28.8,4.51,6.9,261.0
06-04-2016,37.2,23.0,30.3,11.5,14.3,1007.2,66.4,3.2,91.82,202.91,24.61,52.54,64.76,32.31,1.48,31.06,37.04,6.37,17.96,208.0
07-04-2016,35.8,20.0,28.6,12.7,285.0,1007.5,33.4,2.6,129.61,329.68,54.59,58.6,98.07,48.67,1.29,35.57,32.33,11.15,23.17,289.0
08-04-2016,35.5,20.4,28.2,10.9,15.2,1009.6,10.8,3.4,89.78,193.14,24.3,53.55,75.27,31.01,1.63,48.86,34.75,9.35,18.35,216.0
09-04-2016,37.0,20.5,29.6,10.8,321.0,1009.4,17.7,2.7,177.55,272.67,65.1,63.03,122.4,35.12,1.57,46.97,47.93,15.32,21.16,314.0
10-04-2016,36.9,24.0,31.0,11.4,346.6,1009.3,54.0,2.9,119.78,154.18,35.14,47.95,82.5,33.72,1.8,35.24,31.6,7.83,12.59,265.0
11-04-2016,36.0,21.0,28.9,10.9,315.6,1009.4,16.9,3.2,85.14,246.86,13.25,36.5,47.89,31.62,0.7,22.66,61.02,5.21,8.42,257.0
12-04-2016,35.2,22.0,29.1,11.5,292.6,1007.3,1.1,3.5,79.11,201.81,13.94,35.44,48.38,23.32,0.7,17.85,58.47,4.12,6.19,235.0
13-04-2016,38.0,21.0,30.6,9.1,291.6,1004.2,0.0,3.1,77.66,247.61,25.64,46.29,70.06,22.7,1.09,25.16,58.74,4.12,6.9,239.0
14-04-2016,39.4,22.0,31.6,9.0,272.8,1003.8,9.8,2.8,98.6,220.48,39.07,58.81,78.15,22.82,1.34,26.21,75.75,5.28,9.5,239.0
15-04-2016,40.4,23.9,33.0,9.7,283.3,1005.0,30.7,2.7,119.85,285.18,88.96,76.2,133.09,34.25,2.02,37.57,85.91,9.21,19.19,302.0
16-04-2016,42.4,25.6,34.2,11.3,277.8,1003.6,38.6,3.0,124.13,237.16403783783787,36.76,37.49,54.07,17.79,1.62,14.84,35.97,5.83,10.0,296.0
17-04-2016,42.0,28.0,34.5,11.8,252.7,1002.8,52.7,2.7,107.99,283.02,30.63,42.35,61.61,21.22,1.01,13.34,66.77,3.35,7.11,247.0
18-04-2016,40.4,28.0,33.9,13.7,270.1,1004.8,27.1,3.0,109.77,219.17,33.28,49.32,78.86,28.33,0.98,22.15,81.29,5.44,9.28,265.0
19-04-2016,42.0,26.7,33.5,13.9,262.8,1006.0,50.1,2.4,127.32,311.93,35.74,63.21,99.16,28.32,1.5,35.73,98.35,7.66,17.39,301.0
20-04-2016,40.2,25.0,32.7,11.0,282.3,1006.8,33.5,3.1,128.43,283.05,22.33,48.65,66.43,25.14,1.1,29.16,97.22,6.38,9.32,322.0
21-04-2016,39.4,23.0,33.0,10.2,296.9,1004.5,19.7,3.5,95.33,265.56,13.43,42.87,50.67,20.52,0.88,19.87,103.07,3.2,5.38,291.0
22-04-2016,41.0,25.4,32.4,10.8,308.1,1001.9,21.7,3.1,115.14,208.42,9.87,44.8,46.72,20.0,0.89,25.63,110.09,2.09,4.27,292.0
23-04-2016,37.3,24.1,30.8,7.6,312.8,1002.4,7.6,3.1,87.24,171.92,18.15,50.78,56.56,20.6,1.07,25.65,87.26,2.05,4.73,257.0
24-04-2016,37.4,20.8,30.2,5.1,299.5,1003.2,0.3,3.1,131.66,219.3,57.65,69.92,102.52,22.0,1.8,40.96,87.66,3.78,9.01,282.0
25-04-2016,39.2,21.8,31.1,4.6,312.9,1005.4,23.5,2.9,108.61,213.36,31.14,70.04,91.82,23.14,1.36,39.91,87.38,3.52,10.97,271.0
26-04-2016,40.2,22.5,32.2,8.0,349.7,1007.4,38.8,2.8,139.23,306.08,71.92,97.93,118.98,29.38,2.14,38.53,86.82,6.71,17.43,314.0
27-04-2016,40.2,23.4,32.1,9.6,300.3,1006.2,46.1,2.4,152.82,379.7,154.33,108.53,168.05,39.52,2.75,33.53,87.74,10.18,31.19,376.0
28-04-2016,40.4,23.0,32.2,7.5,302.7,1005.6,19.0,2.5,175.72,354.17,72.12,80.4,126.06,37.83,2.14,35.7,117.59,7.57,18.75,390.0
29-04-2016,40.1,23.1,32.5,7.7,280.7,1005.9,9.8,2.3,174.83,383.05,62.82,88.26,117.82,32.04,2.21,38.0,56.3,6.48,13.15,374.0
30-04-2016,40.4,23.3,32.3,7.7,271.5,1005.2,0.0,2.3,142.64,237.16403783783787,30.09,51.53,56.14,16.95,1.87,13.83,59.71,5.04,9.22,340.0
01-05-2016,41.6,23.2,33.6,7.8,274.9,1003.1,0.2,2.4,124.21,237.16403783783787,52.27,52.3,74.64,17.35,1.77,10.98,74.25,6.6,11.72,297.0
02-05-2016,44.4,25.7,35.8,7.9,263.4,1002.6,27.8,2.6,119.47,237.16403783783787,21.08,41.26,43.36,13.81,1.33,10.0,70.42,4.22,7.29,275.0
03-05-2016,39.2,31.8,35.5,12.5,331.2,1004.4,72.7,2.8,131.35,284.55,10.0,59.73,52.11,31.89,1.48,21.42,101.53,3.64,8.74,281.0
04-05-2016,40.0,28.3,32.5,14.5,101.5,1004.3,54.6,2.7,107.21,297.94,18.52,61.77,72.09,49.53,1.43,26.13,91.18,4.9,12.28,309.0
05-05-2016,34.1,22.0,29.3,16.7,113.4,1007.7,65.7,2.9,68.94,173.86,11.94,46.27,53.02,44.78,1.15,18.35,79.9,3.09,11.56,262.0
06-05-2016,35.0,25.9,30.2,14.9,117.7,1007.1,60.2,3.3,59.13,136.92,21.0,55.07,71.12,35.93,1.12,20.23,65.26,4.65,12.46,194.0
07-05-2016,38.1,25.7,32.3,15.7,146.2,1005.8,48.8,3.3,82.91,193.14,15.3,66.68,70.75,39.63,0.94,20.15,75.61,5.37,10.97,229.0
08-05-2016,39.0,26.6,33.4,17.3,94.4,1006.2,28.0,2.9,93.0,208.75,7.73,64.2,59.4,45.99,1.08,25.25,81.61,5.28,10.54,246.0
09-05-2016,38.0,28.4,32.8,18.3,109.7,1006.2,30.4,3.1,80.77,168.66,3.71,48.67,43.92,51.11,1.01,18.97,79.06,3.31,6.31,225.0
10-05-2016,38.1,27.4,33.2,17.5,96.6,1006.8,35.6,4.2,72.18,174.94,5.87,57.52,54.56,43.66,1.05,22.26,68.57,3.84,14.27,221.0
11-05-2016,38.1,25.1,31.8,19.6,95.8,1006.5,33.0,3.5,57.91,112.6,6.74,52.3,50.94,53.04,0.98,16.32,61.02,3.34,12.34,185.0
12-05-2016,40.4,27.3,34.3,19.9,19.7,1003.0,10.3,3.2,89.0,207.98,14.69,64.25,67.9,66.64,1.33,17.95,76.43,4.8,14.3,218.0
13-05-2016,42.2,28.8,35.6,16.8,284.5,1001.8,41.5,3.1,94.75,250.51,37.0,60.29,80.62,56.26,1.09,16.54,95.52,6.85,18.17,310.0
14-05-2016,42.4,28.4,35.9,16.6,54.6,1003.3,16.8,3.1,111.16,292.64,46.21,67.71,78.61,52.87,1.44,20.49,86.22,7.78,19.79,307.0
15-05-2016,42.4,28.4,36.6,15.3,346.7,1003.8,12.7,2.9,128.85,379.8,50.68,57.06,64.22,46.77,1.83,18.7,56.63,12.0,17.73,324.0
16-05-2016,44.0,27.8,36.6,12.0,298.9,1001.8,13.7,3.4,95.22,247.95,37.68,58.46,85.72,31.0,1.12,21.19,62.4,5.15,10.12,316.0
17-05-2016,43.2,30.0,36.7,12.9,306.7,999.6,9.3,3.4,90.34,249.27,32.62,62.4,98.0,29.12,1.19,27.34,89.66,4.72,9.81,302.0
18-05-2016,43.7,26.9,37.1,12.9,312.2,998.5,0.0,3.8,102.89,266.72,52.8,80.57,118.39,26.39,1.76,31.96,105.42,5.44,13.84,317.0
19-05-2016,42.8,29.9,36.4,19.7,102.7,998.9,2.1,3.1,91.3,219.01,11.17,67.73,74.26,43.64,1.86,27.98,85.76,3.74,9.37,300.0
20-05-2016,41.4,31.0,36.4,22.9,100.1,997.7,11.7,3.5,61.47,186.97,7.21,52.02,55.3,57.83,1.07,12.82,77.8,2.58,8.41,246.0
21-05-2016,41.2,31.4,35.9,23.2,112.6,996.5,6.0,3.2,80.71,233.72,4.48,48.23,45.61,55.28,0.96,13.08,107.9,1.88,4.19,255.0
22-05-2016,43.5,29.3,36.0,22.8,88.8,997.0,17.9,3.1,67.69,149.31,4.99,53.42,50.1,46.09,0.99,15.3,101.65,1.16,2.82,218.0
23-05-2016,40.5,23.7,31.9,20.1,100.0,1000.1,63.5,2.9,65.92,163.9,5.25,45.86,47.55,40.22,0.79,16.69,93.48,0.87,2.5,252.0
24-05-2016,35.0,24.2,30.2,20.5,125.0,1000.6,62.8,2.9,50.02,103.26,12.6,43.57,53.77,36.69,0.88,13.46,75.38,0.99,3.18,185.0
25-05-2016,39.0,27.9,31.4,21.0,257.5,998.3,65.3,2.7,103.47,240.52,14.64,50.77,61.13,48.53,1.02,13.98,126.55,1.86,5.87,256.0
26-05-2016,39.4,26.9,33.6,20.4,271.1,998.9,18.3,2.5,115.68,293.73,22.75,48.12,58.91,42.29,1.04,11.79,160.06,1.67,5.7,311.0
27-05-2016,41.2,31.7,36.6,17.5,281.1,1000.0,39.8,2.0,190.32,379.29,25.71,50.38,65.02,43.19,1.08,13.73,169.35,2.5,8.03,381.0
28-05-2016,41.2,27.9,36.1,18.2,270.2,999.9,13.6,2.5,111.22,314.0,8.63,34.37,35.37,29.71,0.81,15.48,120.76,1.59,8.72,409.0
29-05-2016,36.8,24.0,29.6,20.7,132.5,1001.8,62.5,3.1,33.18,169.36,3.57,35.71,22.06,30.46,0.64,10.6,101.26,0.66,1.44,272.0
30-05-2016,32.3,23.2,26.8,21.1,64.3,1003.3,68.6,2.3,49.82,101.24,21.03,50.18,64.65,39.34,0.99,11.3,73.43,2.43,9.91,187.0
31-05-2016,37.2,25.2,31.2,21.6,276.6,1003.2,49.6,2.6,108.16,214.14,31.68,49.41,78.79,47.17,1.17,9.15,83.4,4.79,18.77,225.0
01-06-2016,39.8,27.4,33.9,20.5,272.5,1003.3,31.8,3.1,81.9,251.87,17.71,44.55,57.7,37.91,1.0,13.11,86.34,4.8,10.9,283.0
02-06-2016,42.2,31.0,36.5,18.8,287.7,1002.3,2.2,2.7,84.72,298.5,26.72,49.88,73.71,37.86,1.09,13.87,94.77,5.0,10.98,316.0
03-06-2016,43.4,29.9,36.9,19.4,326.6,1002.5,7.9,2.9,143.21,296.64,53.59,74.99,108.21,44.94,1.76,21.41,129.18,8.33,24.79,361.0
04-06-2016,43.0,31.4,37.7,21.3,67.7,1002.4,15.8,2.9,147.04,274.63,26.48,75.26,92.33,47.59,1.47,15.4,115.31,6.38,20.24,330.0
05-06-2016,42.0,31.0,36.4,24.0,97.6,1002.8,15.1,2.9,79.6,166.28,4.05,36.69,33.03,51.64,0.96,11.7,78.8,2.31,10.45,256.0
06-06-2016,39.2,31.4,34.7,21.1,102.2,1002.9,26.6,3.1,92.34,208.17,8.11,45.47,45.71,35.52,1.12,14.68,100.24,2.73,12.57,237.0
07-06-2016,38.0,29.5,33.6,21.4,75.3,1002.4,16.4,3.1,65.83,152.18,8.77,45.5,52.2,33.33,1.82,15.9,82.33,3.28,16.6,246.0
08-06-2016,42.0,29.9,35.4,20.6,97.1,1000.1,16.1,3.2,56.97,143.88,7.96,57.31,61.05,32.67,1.45,19.95,79.75,4.35,16.88,202.0
09-06-2016,41.0,30.0,34.7,20.7,125.2,998.9,61.9,2.8,69.06,187.69,15.09,49.67,63.99,35.28,1.07,15.09,84.94,4.18,13.88,209.0
10-06-2016,42.4,29.1,34.7,19.3,129.1,998.6,51.2,2.8,79.47,239.74,20.49,51.75,71.2,30.18,0.91,18.14,92.8,4.58,15.79,262.0
11-06-2016,39.4,26.1,32.4,20.6,294.5,999.7,63.0,3.0,72.79,225.52,15.79,38.84,53.11,37.83,0.95,9.83,68.93,4.66,13.22,280.0
12-06-2016,39.2,27.0,34.2,19.1,291.7,999.2,36.6,3.5,77.97,272.34,19.62,40.04,59.25,33.33,0.88,9.78,70.91,3.45,10.63,279.0
13-06-2016,40.8,28.2,34.8,21.3,267.1,998.9,56.2,2.9,103.35,332.91,20.53,34.52,56.84,34.24,0.79,10.14,98.09,4.68,8.25,357.0
14-06-2016,36.0,25.0,31.4,22.8,258.4,998.5,78.6,3.0,64.65,197.51,27.2,38.55,68.18,38.65,0.95,8.29,57.42,6.15,9.97,266.0
15-06-2016,38.4,30.0,33.8,23.8,100.1,996.6,61.1,2.8,105.87,330.36,18.12,37.74,55.24,42.47,1.04,11.23,65.24,4.56,17.16,330.0
16-06-2016,36.9,29.0,33.0,22.1,104.5,998.8,33.7,3.4,67.17,109.42,7.69,30.44,32.88,34.5,0.92,9.89,56.97,2.78,9.95,248.0
17-06-2016,39.2,27.3,33.2,22.7,102.3,999.7,50.6,3.5,72.82,120.06,16.21,41.27,52.49,32.53,1.03,10.43,59.25,2.89,10.79,172.0
18-06-2016,39.2,30.9,35.2,24.4,111.0,1001.1,37.0,3.6,83.41,142.57,7.3,33.98,35.75,33.32,0.98,8.64,68.32,2.78,9.0,234.0
19-06-2016,40.0,30.6,34.6,24.9,105.7,1001.9,47.5,3.4,111.95,101.54,7.47,32.55,34.9,34.93,0.99,9.51,56.24,2.39,6.88,201.0
20-06-2016,38.2,26.3,31.2,25.4,116.4,1001.1,67.2,3.2,95.36,84.18,11.99,40.24,47.72,34.93,1.07,11.24,52.76,3.03,9.95,206.0
21-06-2016,37.2,27.0,31.5,24.9,123.4,1000.4,71.2,3.1,99.28,54.85,6.49,32.04,32.95,35.69,0.93,10.54,43.4,2.39,6.77,159.0
22-06-2016,37.1,27.0,32.1,24.8,107.4,1002.0,59.1,3.1,86.6,99.89,9.12,31.89,37.74,31.53,1.16,7.88,51.74,2.82,9.43,187.0
23-06-2016,38.0,27.8,32.6,23.3,210.1,1001.1,71.0,3.0,105.05,98.88,10.88,37.7,44.63,28.31,1.06,8.34,55.92,3.23,10.1,228.0
24-06-2016,40.0,30.0,35.2,23.7,276.6,998.9,29.9,3.3,107.61,331.1,15.97,45.29,60.69,33.1,1.04,9.03,101.3,3.65,12.19,284.0
25-06-2016,39.2,32.0,35.0,25.7,102.7,1000.5,43.0,3.1,70.07,175.26,4.67,50.91,51.52,43.4,1.09,10.87,79.26,2.77,10.31,310.0
26-06-2016,38.9,30.0,34.1,25.5,101.3,1001.0,51.2,3.0,52.06,86.63,4.54,40.57,42.04,39.05,0.85,8.71,58.37,2.99,9.68,158.0
27-06-2016,38.2,31.0,34.0,25.9,97.9,999.6,78.6,2.8,80.96,112.46,5.66,37.28,37.28,39.39,1.01,7.63,51.76,2.11,9.34,154.0
28-06-2016,35.0,26.1,30.3,25.6,88.2,1001.6,82.2,2.5,89.29,96.05,12.43,40.07,49.02,35.05,1.21,9.77,55.61,2.57,14.57,187.0
29-06-2016,39.0,28.2,34.2,25.9,94.1,1001.8,57.0,3.1,66.24,68.43,7.96,37.01,39.52,33.03,1.05,10.22,44.44,2.29,9.39,180.0
30-06-2016,39.5,31.4,35.3,25.9,129.7,999.0,56.5,3.0,73.3,103.25,9.49,34.17,39.9,31.42,1.35,9.43,51.31,2.62,9.9,190.0
01-07-2016,36.4,28.1,31.8,26.7,199.7,996.4,89.7,2.8,55.74,113.1,12.65,29.28,40.04,42.08,1.28,7.97,37.35,2.52,8.64,164.0
02-07-2016,30.0,25.0,28.1,24.2,52.4,998.4,93.2,2.9,58.73,96.62,15.31,33.9,48.12,36.91,1.85,7.81,40.49,2.98,12.52,148.0
03-07-2016,31.8,27.0,29.2,25.3,260.8,998.8,90.1,2.6,74.71,95.26,10.6,36.79,41.59,35.43,1.49,8.77,48.9,2.77,13.77,154.0
04-07-2016,34.0,26.1,29.9,26.1,100.2,997.8,88.5,2.5,61.57,75.83,14.67,37.93,50.05,35.38,1.38,8.88,52.3,2.24,9.43,160.0
05-07-2016,36.3,28.0,32.4,26.5,230.3,996.1,67.0,2.6,73.33,162.2,21.67,47.24,67.91,42.46,1.51,8.51,55.57,3.29,11.92,165.0
06-07-2016,36.2,29.0,32.4,26.2,106.6,997.2,58.1,2.9,83.36,143.29,11.31,34.78,43.72,52.72,1.77,7.6,57.81,2.58,8.64,210.0
07-07-2016,36.5,29.8,32.8,26.0,135.8,998.3,61.8,4.9,54.09,80.82,6.51,27.69,29.77,37.18,1.41,8.73,42.67,2.05,6.88,158.0
08-07-2016,34.8,29.0,31.0,26.0,131.6,997.7,73.2,3.2,52.47,98.86,14.06,42.07,51.85,40.9,1.31,8.38,45.55,2.69,10.18,172.0
09-07-2016,37.0,28.0,31.9,26.2,102.3,997.2,58.6,2.9,57.06,87.81,13.01,30.77,41.97,40.31,1.09,7.73,45.1,2.22,9.41,151.0
10-07-2016,36.4,29.8,32.0,25.7,117.3,996.7,61.2,3.4,64.35,86.18,12.96,35.91,46.19,37.92,1.07,7.94,43.24,2.52,10.42,143.0
11-07-2016,34.8,29.0,31.2,26.1,111.2,997.8,67.8,3.1,63.47,74.51,13.86,33.57,45.91,38.15,1.08,7.74,42.22,2.33,8.87,156.0
12-07-2016,34.6,28.7,30.1,26.7,100.6,999.3,72.3,2.9,35.34,57.16,24.89,32.55,58.24,33.66,1.32,9.06,43.95,3.41,18.14,108.0
13-07-2016,34.6,28.4,30.5,26.7,82.1,999.2,58.6,2.8,57.9,79.1,29.55,31.96,57.77,43.92,1.52,8.23,50.01,3.88,17.84,163.0
14-07-2016,35.2,26.8,29.8,26.8,137.7,998.8,81.8,2.4,65.09,56.29,31.24,29.7,54.28,61.03,1.49,7.39,47.3,4.18,13.39,243.0
15-07-2016,33.6,27.8,30.1,27.0,250.3,999.1,86.8,2.8,58.08,88.23,24.44,29.17,46.93,38.79,1.05,6.58,36.35,2.49,8.34,123.0
16-07-2016,30.0,25.0,27.7,26.1,314.1,999.9,93.5,2.6,53.81,44.48,14.85,22.38,37.7,40.89,1.21,7.18,33.31,2.4,5.86,106.0
17-07-2016,29.9,26.0,27.7,25.7,271.8,1001.5,90.8,2.5,79.48,38.59,14.17,15.75,29.63,33.83,0.98,7.0,28.11,2.86,5.89,202.0
18-07-2016,32.0,25.3,27.7,25.6,278.3,1001.4,88.8,2.7,47.91,77.07,24.72,32.85,54.62,51.53,1.48,7.31,36.73,4.35,10.89,120.0
19-07-2016,35.2,27.0,31.1,26.3,270.2,1000.4,56.3,3.3,42.54,166.27,20.73,31.4,48.11,55.76,0.92,6.78,44.7,4.23,9.89,135.0
20-07-2016,37.0,29.0,33.0,26.5,266.0,999.9,57.9,3.6,50.58,203.09,24.36,34.96,60.14,31.06,1.15,9.36,61.07,2.36,7.57,245.0
21-07-2016,37.2,29.0,33.4,25.1,255.1,999.7,58.4,3.4,45.76,240.86,32.54,37.8,79.06,32.92,0.87,7.27,56.3,2.32,6.11,280.0
22-07-2016,37.0,29.0,33.3,25.2,229.7,999.6,57.7,3.3,52.91,157.41,20.2,37.42,58.72,37.84,1.14,8.63,64.4,1.9,11.74,269.0
23-07-2016,34.2,29.0,31.3,25.5,116.0,1001.6,73.1,3.0,44.87,80.14,8.85,23.88,28.63,35.77,0.84,7.23,51.32,0.97,5.07,163.0
24-07-2016,34.8,28.9,30.6,26.5,105.7,1003.0,84.5,2.8,51.04,124.47,15.95,56.56,69.2,38.44,1.46,8.91,65.42,3.2,9.41,262.0
25-07-2016,34.2,28.8,31.4,26.3,130.9,1002.4,67.0,2.4,61.31,163.57,19.52,58.4,73.04,45.77,1.32,7.93,62.62,3.64,12.4,195.0
26-07-2016,34.8,28.0,30.0,26.8,111.1,1003.2,76.7,2.5,44.79,95.08,11.64,40.48,50.72,48.6,1.08,8.2,52.3,2.47,10.16,163.0
27-07-2016,30.6,27.0,27.9,25.9,94.1,1004.8,93.8,1.9,30.29,58.09,25.41,40.86,65.28,42.48,1.36,10.82,56.73,2.97,14.13,108.0
28-07-2016,32.9,27.0,28.8,25.9,63.9,1003.0,93.0,2.0,32.0,68.69,27.67,42.81,68.89,40.28,1.34,9.95,72.25,4.81,18.68,134.0
29-07-2016,28.8,26.2,27.3,26.2,60.8,1001.4,96.6,1.7,45.02,76.89,38.7,44.18,82.68,41.18,1.77,9.87,70.34,5.37,20.12,155.0
30-07-2016,30.0,26.2,27.2,26.0,76.8,1001.4,95.6,1.8,47.69,50.0,29.68,36.78,68.62,36.4,1.6,8.69,49.28,4.77,16.89,116.0
31-07-2016,31.0,26.9,28.5,26.1,81.8,1001.1,86.9,2.2,44.83,70.62,23.7,32.5,54.99,37.62,1.29,8.01,85.11,4.25,15.17,136.0
01-08-2016,32.2,26.7,28.4,26.2,91.0,999.7,90.6,2.2,33.03,53.42,17.15,29.86,48.93,35.28,1.3,10.33,68.03,3.55,14.22,150.0
02-08-2016,35.0,27.0,29.6,25.8,95.2,998.6,88.0,2.6,43.59,55.33,24.58,34.87,56.3,34.99,1.31,8.23,91.54,3.3,19.32,121.0
03-08-2016,35.8,27.0,31.4,25.1,100.2,998.9,55.0,3.5,59.86,67.92,23.29,36.14,56.77,32.14,1.34,6.96,92.81,2.05,28.25,149.0
04-08-2016,36.6,29.0,32.6,25.7,97.9,999.1,50.2,3.7,48.91,87.48,17.77,35.93,53.75,32.45,0.92,9.03,86.42,2.28,20.91,178.0
05-08-2016,36.6,29.0,33.0,26.1,118.9,999.9,56.2,3.7,33.25,78.77,11.79,33.68,42.56,32.81,1.2,9.36,63.17,2.16,12.08,120.0
06-08-2016,32.8,27.1,29.9,25.7,75.8,1001.1,78.0,3.0,35.88,76.69,23.12,38.29,60.55,32.22,1.33,9.81,68.19,2.44,19.87,140.0
07-08-2016,35.8,27.0,31.9,25.8,81.2,1000.9,42.5,3.4,35.7,75.19,15.7,31.42,42.34,28.89,1.28,10.02,67.17,1.98,14.34,142.0
08-08-2016,35.8,29.0,32.3,25.9,81.9,1000.6,60.1,3.7,37.8,82.26,16.52,34.27,48.51,29.3,1.34,8.48,73.28,1.88,11.98,141.0
09-08-2016,34.8,28.8,30.4,26.1,88.5,998.8,79.4,3.1,37.08,64.76,16.97,29.05,43.48,27.23,1.29,8.02,59.76,1.75,10.33,125.0
10-08-2016,34.6,27.0,30.2,26.4,86.2,999.5,82.4,2.6,34.34,54.92,15.91,30.76,43.16,29.55,1.56,9.75,53.53,1.92,11.58,127.0
11-08-2016,30.9,27.0,27.7,26.5,99.9,1001.4,96.4,2.0,26.48,32.79,18.9,29.78,46.0,24.79,1.78,8.37,54.64,1.55,8.33,119.0
12-08-2016,32.4,26.9,28.2,26.3,343.3,1002.4,92.7,1.6,33.6,84.46,31.69,34.9,66.83,23.83,1.42,8.73,70.12,1.43,11.94,111.0
13-08-2016,33.8,26.0,29.1,26.1,292.4,1001.4,73.5,2.0,47.05,92.71,30.9,43.49,73.1,31.35,0.89,7.77,68.22,2.22,11.82,132.0
14-08-2016,31.2,26.0,28.8,26.1,296.6,1000.6,90.5,2.4,33.59,80.14,38.03,42.53,81.71,32.09,0.89,12.53,81.39,2.39,12.1,149.0
15-08-2016,34.2,27.8,30.8,25.8,270.7,999.4,68.5,3.3,26.79,185.99,30.79,32.96,65.3,27.89,0.69,8.87,91.79,1.43,4.52,166.0
16-08-2016,34.8,26.8,30.9,25.0,271.2,998.0,47.6,3.5,41.91,245.72,25.06,28.74,53.79,26.6,0.65,7.97,83.64,0.77,3.17,274.0
17-08-2016,31.2,26.0,29.3,24.9,301.3,999.3,79.5,3.0,54.95,247.59,24.1,36.46,58.74,25.64,0.93,11.16,85.32,1.3,8.31,295.0
18-08-2016,33.0,27.0,29.4,25.9,324.2,1000.1,85.5,2.2,44.24,132.65,22.7,51.48,65.74,30.91,1.2,9.22,72.82,1.94,11.8,219.0
19-08-2016,34.0,27.4,31.2,25.7,5.8,999.9,67.5,2.9,48.73,153.16,22.45,43.97,62.04,28.14,1.13,8.84,69.54,2.22,15.47,169.0
20-08-2016,35.6,28.0,31.7,26.1,94.6,1000.3,60.6,3.3,40.62,90.68,10.1,35.84,41.77,26.51,0.94,8.56,59.67,1.11,12.22,174.0
21-08-2016,34.6,27.0,30.3,25.1,107.0,1001.2,55.1,3.6,23.86,65.58,5.42,27.58,29.64,23.44,0.75,9.02,42.88,0.81,4.52,111.0
22-08-2016,34.9,26.9,30.5,24.6,117.0,1003.0,56.0,3.5,25.07,78.83,8.46,31.31,33.5,23.44,0.79,7.97,43.07,1.22,6.72,93.0
23-08-2016,33.2,28.0,30.7,25.5,113.6,1003.3,74.8,3.6,31.85,85.48,7.8,39.47,40.84,26.3,0.88,8.06,50.23,3.14,11.41,107.0
24-08-2016,31.6,28.7,29.7,26.0,87.4,1002.8,77.2,2.9,36.24,73.22,11.04,32.04,37.18,22.95,0.45,10.86,48.2,3.03,12.66,127.0
25-08-2016,34.7,27.6,30.0,26.3,122.8,1004.7,61.2,3.3,42.2,118.92,28.83,35.41,56.77,30.36,0.73,8.23,32.24,11.04,14.36,93.0
26-08-2016,35.1,27.4,30.1,26.4,50.7,1005.2,63.8,2.9,45.55,125.44,44.27,35.61,79.24,39.87,0.72,9.57,41.9,8.96,23.65,144.0
27-08-2016,35.8,26.8,30.6,25.7,96.5,1006.6,63.1,3.4,56.56,237.16403783783787,7.36,20.84,20.11,42.478415015641296,0.0,7.91,26.55,9.58,16.03,93.0
28-08-2016,36.7,28.4,31.6,26.1,85.7,1006.4,69.9,3.1,57.09,170.2,12.69,28.7,38.71,31.55,1.74,7.04,27.7,5.14,13.2,224.0
29-08-2016,33.1,25.8,28.5,26.0,14.1,1004.0,93.8,2.5,54.73,189.12,19.0,37.48,52.4,29.89,1.02,8.92,40.47,4.9,17.09,169.0
30-08-2016,32.9,25.7,28.4,25.6,100.7,1002.5,90.0,2.5,48.93,89.57,17.92,42.73,53.37,29.36,1.09,9.22,41.9,4.23,18.54,110.0
31-08-2016,29.8,24.0,27.1,25.4,94.6,1003.0,86.7,2.5,33.92,60.16,21.97,41.82,59.5,28.42,1.17,8.72,41.57,2.51,16.6,100.0
01-09-2016,30.8,25.9,27.5,25.4,115.3,1002.8,83.8,2.6,21.61,47.47,32.06,51.78,87.95,23.08,1.18,9.47,54.7,2.56,13.23,110.0
02-09-2016,33.8,26.0,29.6,25.3,284.6,1001.3,65.3,3.1,36.53,111.18,35.83,41.71,84.99,26.32,0.98,9.37,64.8,2.48,10.27,154.0
03-09-2016,34.0,25.0,29.7,23.9,275.3,1001.1,32.2,3.7,40.54,208.01,30.88,40.85,76.16,23.2,0.91,10.09,68.7,2.59,10.03,216.0
04-09-2016,34.0,26.0,30.1,24.1,262.4,1003.5,38.0,3.8,53.13,269.42,32.6,31.96,68.02,22.02,0.91,9.05,56.8,1.85,6.07,262.0
05-09-2016,33.9,25.0,29.7,23.3,266.5,1004.1,29.7,3.8,42.09,246.81,35.47,33.42,72.7,19.68,1.04,9.87,57.01,1.32,4.49,260.0
06-09-2016,33.8,25.0,29.7,22.9,272.2,1004.5,36.3,3.8,45.76,282.23,31.2,34.74,69.03,19.05,0.87,10.61,61.24,1.91,5.54,329.0
07-09-2016,35.0,25.0,29.9,23.0,272.1,1004.3,29.2,3.8,43.36,233.83,30.1,39.21,70.35,18.99,0.81,14.63,75.45,2.19,7.1,289.0
08-09-2016,35.0,25.0,30.5,22.9,280.3,1005.4,35.9,4.0,65.73,260.6,31.37,39.69,70.75,20.58,0.75,12.02,63.76,2.34,8.63,300.0
09-09-2016,35.0,26.0,30.7,22.6,280.6,1006.3,18.4,3.9,85.47,277.61,34.45,43.67,76.55,21.51,0.74,10.34,49.75,2.88,9.22,338.0
10-09-2016,35.0,25.0,30.2,22.8,273.8,1005.5,26.8,4.3,41.33,190.45,29.83,38.14,63.72,21.07,0.63,10.81,55.82,2.46,9.22,240.0
11-09-2016,35.0,25.0,30.4,22.4,270.6,1004.8,17.6,4.1,40.5,164.1,32.14,40.58,67.7,20.4,0.56,10.92,52.36,2.11,6.37,177.0
12-09-2016,34.1,25.6,30.4,22.3,281.9,1005.2,23.9,3.9,43.56,178.47,32.77,39.41,68.85,21.52,0.75,9.59,54.62,1.91,7.5,178.0
13-09-2016,35.1,26.0,30.7,23.7,1.6,1007.1,32.1,3.7,48.66,184.5,31.66,43.84,75.96,25.79,1.2,10.93,63.46,2.37,13.54,193.0
14-09-2016,33.8,26.0,29.7,24.4,83.8,1007.8,41.6,3.4,40.4,109.64,20.69,45.6,62.62,23.03,1.31,11.21,64.32,1.89,9.77,150.0
15-09-2016,35.2,26.9,31.0,23.3,319.8,1006.1,24.7,2.8,62.83,198.81,21.15,54.73,69.82,28.2,1.28,11.6,77.97,2.9,10.98,215.0
16-09-2016,35.8,26.4,31.2,22.8,323.9,1005.1,8.7,3.6,56.89,185.86,17.87,57.22,67.78,27.03,0.98,12.39,70.09,2.51,8.79,233.0
17-09-2016,35.1,27.0,31.1,23.5,11.4,1004.2,37.3,3.1,67.6,207.91,28.14,56.8,83.1,29.48,1.0,12.78,75.84,2.2,8.73,220.0
18-09-2016,35.8,26.0,31.2,23.5,105.2,1005.3,33.0,2.9,68.18,185.57,17.63,56.82,67.1,29.26,1.31,10.89,74.51,2.13,8.81,266.0
19-09-2016,36.6,27.0,31.2,22.9,121.7,1004.7,27.5,3.3,55.29,143.48,24.51,67.37,74.28,34.17,1.08,14.63,88.62,1.81,5.99,192.0
20-09-2016,37.0,26.4,31.7,22.6,69.2,1003.6,16.5,3.0,51.53,141.3,38.6,86.2,94.51,28.66,1.31,16.12,134.72,1.26,5.13,264.0
21-09-2016,36.9,27.0,31.5,23.8,104.2,1005.5,34.1,2.8,40.98,131.06,30.07,70.0,59.15,29.75,0.88,17.12,144.45,0.78,4.81,284.0
22-09-2016,32.6,27.0,29.0,23.8,102.5,1008.4,64.2,3.0,19.9,67.29,10.98,44.35,46.71,27.78,0.8,13.44,72.31,0.78,8.97,149.0
23-09-2016,35.0,25.8,29.8,23.6,89.1,1005.5,26.4,3.3,39.22,125.31,13.63,57.24,64.51,29.48,1.2,13.77,78.31,1.21,8.94,134.0
24-09-2016,34.2,27.0,29.9,24.0,125.4,1004.3,55.1,2.9,35.14,112.36,19.78,53.66,65.52,30.1,1.03,14.63,67.97,1.34,8.78,197.0
25-09-2016,34.0,26.0,30.1,23.1,65.7,1004.9,34.6,2.7,40.57,137.48,29.6,55.69,81.12,27.69,1.27,15.5,73.87,1.23,7.19,175.0
26-09-2016,34.8,26.3,30.5,23.4,104.1,1006.4,42.2,2.8,65.71,194.71,44.43,68.3,105.76,32.26,1.39,15.11,89.95,1.8,11.46,236.0
27-09-2016,35.2,26.9,30.8,23.2,97.3,1006.8,24.9,3.2,38.92,109.5,10.51,41.03,46.9,29.98,0.64,13.68,62.19,0.88,5.71,185.0
28-09-2016,36.1,26.2,31.2,22.8,72.9,1005.7,16.0,2.7,74.56,260.01,17.52,100.66,58.72,40.17,0.43,11.94,113.81,0.81,6.44,101.0
29-09-2016,34.3,27.0,30.9,23.7,108.6,1005.7,23.3,2.7,71.79,189.62,11.5,63.0,51.96,37.22,0.97,15.28,96.64,1.15,5.75,289.0
30-09-2016,35.1,27.0,31.1,23.7,105.5,1005.8,35.7,3.0,58.44,179.81,20.59,65.05,61.77,32.18,1.01,15.0,87.95,1.03,5.39,224.0
01-10-2016,35.8,27.2,31.6,24.2,81.6,1007.4,26.4,2.5,81.06,232.03,40.76,73.71,90.15,40.08,1.44,24.55,109.06,1.82,11.99,311.0
02-10-2016,35.0,28.6,31.8,24.9,122.6,1009.0,42.9,3.2,59.38,199.61,30.59,59.82,70.18,35.58,1.17,16.28,75.58,1.46,7.63,232.0
03-10-2016,36.0,28.4,32.1,24.8,62.4,1007.5,42.3,2.7,71.54,210.04,26.23,66.31,68.95,43.92,1.08,12.96,97.36,1.34,6.11,282.0
04-10-2016,34.4,25.0,29.7,24.7,247.6,1005.7,61.7,2.0,108.69,272.34,33.0,78.18,84.42,50.14,1.28,13.68,123.99,2.18,8.16,348.0
05-10-2016,31.0,25.0,27.8,23.6,285.3,1005.5,76.0,2.6,60.56,150.37,57.77,77.96,108.73,46.47,1.28,14.4,85.94,3.03,12.57,215.0
06-10-2016,33.4,26.8,29.7,24.0,288.2,1007.0,55.1,2.1,87.2,229.25,42.23,87.85,98.02,54.59,1.31,15.09,109.08,2.95,10.35,280.0
07-10-2016,35.0,25.9,30.0,22.8,308.6,1007.5,25.6,2.4,81.28,274.97,61.5,74.99,105.6,47.26,1.28,14.63,97.13,1.9,6.14,311.0
08-10-2016,35.0,24.0,29.5,21.3,325.1,1007.4,4.5,2.8,102.6,317.62,81.06,76.99,126.03,42.99,1.54,14.9,98.7,2.16,6.68,408.0
09-10-2016,36.0,24.0,29.6,21.7,44.6,1006.0,1.8,2.7,107.66,317.13,85.77,92.64,134.38,43.55,1.42,17.2,128.17,2.35,12.39,416.0
10-10-2016,33.2,25.7,28.8,19.3,311.7,1006.3,33.6,3.0,97.6,290.85,79.04,88.86,126.5,39.72,1.25,17.3,112.52,2.65,11.52,387.0
11-10-2016,34.4,22.2,28.1,18.3,301.2,1006.9,0.0,2.6,105.07,327.75,62.55,83.87,120.1,36.52,1.6,16.52,104.67,2.09,5.34,408.0
12-10-2016,34.8,21.0,27.6,16.4,287.2,1006.4,0.0,3.0,82.58,309.88,70.71,83.3,123.85,31.55,1.05,20.1,93.47,2.28,5.67,405.0
13-10-2016,35.0,21.5,27.8,15.4,287.5,1008.3,0.0,3.6,67.54,295.1,102.46,81.11,113.0,27.85,0.78,19.17,78.81,2.26,7.16,371.0
14-10-2016,35.0,20.4,27.5,15.8,300.4,1009.5,0.0,3.6,71.17,303.27,90.53,87.15,111.96,29.54,1.15,20.72,87.84,1.9,7.31,375.0
15-10-2016,33.2,19.0,26.5,15.7,284.9,1010.6,1.5,2.8,102.91,368.81,80.18,108.83,104.39,34.74,1.28,22.1,120.33,2.27,8.31,400.0
16-10-2016,34.0,19.0,26.7,15.2,304.2,1011.6,0.0,3.1,98.65,316.53,79.81,89.01,109.33,34.88,1.36,24.72,99.74,1.64,7.21,430.0
17-10-2016,34.0,20.2,26.3,14.7,297.5,1010.8,0.0,2.8,108.29,346.31,105.43,94.29,129.43,37.11,2.03,27.27,112.83,2.22,11.14,425.0
18-10-2016,34.0,19.0,26.2,15.0,302.9,1009.7,0.0,2.8,117.21,352.64,80.88,95.27,118.3,39.9,1.67,22.25,101.0,2.12,9.35,432.0
19-10-2016,34.8,18.0,26.6,15.2,289.5,1008.5,0.0,3.0,107.55,339.79,105.08,91.52,85.54,39.26,1.63,24.66,73.0,1.63,6.63,404.0
20-10-2016,34.1,19.8,26.6,14.3,298.7,1007.5,0.0,2.8,97.77,361.08,169.53,90.28,98.14,44.98,2.02,24.72,107.03,2.09,7.52,425.0
21-10-2016,34.7,21.0,27.2,14.7,287.3,1008.5,0.0,3.4,161.11,477.65,166.64,88.27,107.99,46.41,1.62,26.66,32.06,4.5,10.99,495.0
22-10-2016,34.6,21.0,27.1,15.8,284.0,1009.3,0.0,3.2,132.64,442.68,140.89,84.96,115.83,47.03,1.42,20.7,53.5,3.61,9.22,472.0
23-10-2016,33.0,19.0,25.9,15.6,282.9,1009.3,0.0,2.5,129.47,372.09,54.87,90.22,85.75,44.08,1.09,19.38,122.74,1.79,5.2,469.0
24-10-2016,34.8,20.0,26.1,14.9,281.6,1008.3,0.0,2.8,119.48,367.17,68.9,88.17,99.44,37.79,1.47,21.68,109.22,1.62,5.17,452.0
25-10-2016,32.8,20.7,26.3,16.0,282.4,1008.9,4.8,3.0,89.1,290.42,125.4,82.7,107.03,38.89,1.52,23.46,83.78,2.72,10.24,396.0
26-10-2016,33.1,19.0,25.3,16.2,313.5,1011.5,0.0,2.5,145.91,413.49,144.66,111.23,121.37,48.82,1.85,25.0,85.57,4.98,14.6,411.0
27-10-2016,32.1,18.2,24.6,16.0,304.5,1014.5,0.0,1.5,200.69,535.53,127.68,120.07,126.63,58.75,1.92,23.95,82.06,8.97,24.05,518.0
28-10-2016,31.6,16.0,23.9,14.7,284.3,1012.8,0.0,1.6,222.28,503.0,137.36,119.42,134.89,64.34,1.92,27.89,107.12,10.61,27.31,546.0
29-10-2016,32.2,16.2,23.9,15.5,95.3,1012.9,0.0,1.2,231.13,516.59,208.23,162.5,167.24,79.24,2.64,54.38,139.22,13.02,60.08,514.0
30-10-2016,31.8,17.3,23.4,17.0,62.0,1014.6,18.2,1.3,217.31,528.41,162.93,112.59,142.64,89.56,2.36,40.23,257.73,10.29,35.64,499.0
31-10-2016,30.8,17.0,22.8,16.3,20.0,1017.4,0.0,1.1,308.26,521.21,181.22,113.21,174.25,95.27,2.28,71.56,153.52,9.61,21.68,497.0
01-11-2016,30.1,15.2,22.4,14.8,336.7,1016.4,0.0,1.2,267.76,537.51,144.25,120.66,159.5,91.77,2.12,33.34,193.31,9.95,24.21,521.0
02-11-2016,29.8,17.0,22.3,16.2,305.0,1016.2,0.0,0.3,323.52,693.21,121.1,149.12,157.33,111.69,2.84,26.66,160.01,11.45,30.13,571.0
03-11-2016,31.5,16.3,22.6,16.1,357.3,1016.3,20.8,0.7,320.26,483.99,127.32,148.92,116.45,104.84,3.02,29.4,108.33,11.64,34.69,539.0
04-11-2016,30.8,15.4,22.7,15.3,284.2,1013.3,1.5,1.0,283.98,475.1,158.66,131.92,69.68,88.02,2.48,25.93,177.07,9.6,33.1,460.0
05-11-2016,29.0,16.2,21.6,15.8,283.3,1010.6,0.0,0.1,588.39,763.58,135.71,113.31,90.09,89.1,2.2,22.21,39.05,7.37,16.61,603.0
06-11-2016,30.0,15.4,21.2,15.0,298.7,1011.2,6.8,0.1,685.36,708.8,155.53,128.15,97.62,96.22,3.23,22.61,39.21,9.82,27.66,676.0
07-11-2016,29.0,15.2,21.4,13.7,284.9,1012.9,0.0,0.7,488.57,527.64,159.5,123.36,94.03,72.81,2.21,23.88,33.33,8.33,23.12,716.0
08-11-2016,29.1,16.0,21.5,12.4,273.0,1013.5,0.0,1.0,338.38,471.47,75.56,92.18,54.81,55.65,1.32,21.36,35.0,6.13,11.18,542.0
09-11-2016,30.0,14.0,20.4,10.5,265.7,1014.4,0.0,1.0,307.08,415.79,111.51,103.26,67.31,58.89,1.38,21.52,33.89,7.33,13.52,455.0
10-11-2016,30.2,13.2,21.1,10.8,216.7,1013.8,0.0,1.0,291.71,464.27,124.82,133.98,63.54,73.93,1.61,29.45,42.27,6.16,16.26,471.0
11-11-2016,30.0,13.5,21.2,11.9,108.9,1013.9,0.0,1.1,295.88,491.38,139.59,147.03,56.6,88.96,1.74,35.04,50.03,7.1,22.29,514.0
12-11-2016,29.9,13.4,21.3,13.0,112.5,1015.1,3.1,1.2,277.67,437.21,145.02,127.18,54.53,81.99,1.68,34.7,43.22,5.39,18.04,491.0
13-11-2016,30.0,15.4,22.5,12.9,137.6,1016.2,17.9,1.5,228.16,388.97,158.78,113.74,54.67,67.76,1.47,51.78,66.96,5.0,14.05,469.0
14-11-2016,29.0,15.2,21.6,13.0,49.0,1015.8,6.7,1.6,194.2,266.97,177.98,119.58,63.27,49.95,1.03,22.7,63.1,3.01,8.37,404.0
15-11-2016,28.6,14.0,20.0,11.3,319.4,1016.0,7.8,1.6,236.09,399.5,152.13,116.66,80.86,59.24,1.49,21.98,37.37,6.79,16.84,379.0
16-11-2016,27.0,12.6,19.0,10.4,287.5,1017.4,0.0,1.6,291.98,391.88,131.41,109.65,79.95,53.33,1.37,23.97,35.58,6.21,16.56,428.0
17-11-2016,27.6,12.0,19.3,9.9,272.9,1016.9,0.0,1.5,351.47,412.95,69.58,96.23,60.3,41.1,0.83,21.65,37.74,4.48,11.4,504.0
18-11-2016,27.8,12.8,19.1,10.1,285.5,1015.0,0.0,1.6,237.21,409.98,92.48,102.95,55.83,43.06,1.05,23.11,37.26,4.58,11.2,512.0
19-11-2016,28.0,12.4,19.2,10.8,237.5,1012.8,0.0,1.6,285.71,412.35,112.39,114.11,63.07,55.83,1.37,30.47,48.81,5.56,22.82,494.0
20-11-2016,29.0,12.4,20.0,11.4,122.4,1013.5,0.0,1.5,323.74,350.18,120.28,117.17,39.98,80.15,1.8,27.23,53.69,6.51,27.78,438.0
21-11-2016,30.1,12.7,20.9,11.4,277.2,1013.7,0.0,1.4,340.61,439.26,165.78,128.85,62.48,81.94,1.93,26.25,50.47,6.59,21.98,474.0
22-11-2016,30.1,12.2,20.7,10.6,278.2,1012.8,0.0,2.2,281.76,399.82,127.69,111.52,58.08,63.32,1.85,25.26,32.17,5.63,14.85,471.0
23-11-2016,28.6,13.0,20.0,11.1,277.8,1012.7,0.0,2.1,174.56,443.12,103.4,98.73,58.08,48.28,1.47,30.13,38.25,4.93,10.79,432.0
24-11-2016,28.0,12.2,19.3,9.8,281.8,1015.1,0.0,1.6,216.1,478.72,133.15,109.5,84.1,55.54,1.45,22.29,35.12,5.31,12.74,397.0
25-11-2016,29.0,12.0,20.7,6.6,278.0,1013.7,1.7,2.4,136.21,399.13,32.87,68.9,39.01,28.84,0.5,20.99,40.07,3.14,6.51,375.0
26-11-2016,30.8,16.0,21.9,7.4,288.6,1013.0,0.0,2.7,113.3,325.47,37.55,70.01,43.19,25.22,0.56,23.22,39.94,3.27,6.72,330.0
27-11-2016,29.0,13.0,20.8,7.3,277.6,1013.6,1.7,3.0,128.7,336.16,35.91,71.29,40.84,26.73,0.79,22.68,38.99,3.26,5.83,347.0
28-11-2016,28.8,12.0,20.0,6.5,280.7,1013.1,1.5,2.6,127.5,312.58,90.6,82.99,46.87,28.3,1.1,29.33,36.12,4.23,9.66,274.0
29-11-2016,27.9,11.4,19.1,9.3,310.8,1015.1,1.5,1.9,236.58,489.62,158.47,133.28,88.78,64.54,2.11,27.59,40.89,7.17,21.69,360.0
30-11-2016,25.8,12.8,18.5,14.7,103.6,1016.3,5.9,0.8,246.25,437.91,80.12,95.64,54.63,84.51,1.42,20.23,44.16,5.88,15.23,441.0
01-12-2016,25.1,13.4,18.7,15.9,113.1,1016.7,25.7,0.7,263.61,473.72,100.79,83.15,59.64,79.35,1.4,19.08,49.44,7.12,22.44,418.0
02-12-2016,23.8,12.0,17.6,14.9,279.5,1017.7,20.4,0.6,263.25,422.11,143.08,101.67,79.26,77.5,1.15,20.38,34.89,7.31,18.27,474.0
03-12-2016,26.8,11.0,17.6,10.7,268.3,1019.1,14.0,1.5,196.6,432.38,102.23,97.75,54.62,51.11,1.67,23.49,34.86,6.65,16.4,419.0
04-12-2016,26.0,10.0,17.3,8.8,284.7,1019.7,0.0,1.9,223.3,426.63,135.19,109.4,54.22,68.69,2.35,22.96,33.98,7.47,18.49,379.0
05-12-2016,26.0,10.2,17.4,9.0,271.2,1017.3,0.0,1.9,204.6,417.29,91.66,78.79,39.67,27.41,1.9,23.92,31.6,5.69,12.62,389.0
06-12-2016,25.2,10.4,17.0,12.2,86.6,1017.9,0.0,1.0,293.91,497.31,110.07,96.68,69.09,56.8,2.24,23.11,38.89,9.5,23.99,402.0
07-12-2016,23.8,11.0,16.3,13.4,79.7,1017.3,33.3,0.5,283.61,414.27,64.52,81.86,59.67,49.99,1.6,23.69,53.91,8.71,20.43,472.0
08-12-2016,23.8,9.2,15.7,12.0,103.2,1016.1,0.0,0.8,238.21,374.88,70.46,72.44,52.25,36.31,1.69,22.2,36.02,8.14,15.66,422.0
09-12-2016,26.8,9.2,17.2,12.4,130.1,1013.7,0.0,0.9,295.62,502.98,106.85,71.44,62.21,40.93,1.98,23.47,38.31,8.23,19.77,443.0
10-12-2016,23.0,12.0,16.1,13.4,111.4,1013.8,3.4,0.8,189.09,249.35,30.67,58.86,29.83,34.4,1.02,20.83,41.6,5.44,9.15,413.0
11-12-2016,26.2,13.0,18.2,14.1,128.6,1013.4,19.0,1.0,199.12,294.81,46.99,50.79,27.33,29.59,1.44,22.65,37.83,6.37,14.23,351.0
12-12-2016,26.8,12.4,18.5,11.6,304.1,1013.9,2.1,1.5,210.28,365.65,138.78,76.9,56.19,50.66,2.83,23.52,30.87,8.1,20.42,418.0
13-12-2016,26.1,11.2,18.0,10.7,286.6,1014.8,17.3,1.6,209.91,438.88,143.91,76.81,60.13,40.75,1.58,21.71,32.12,8.4,20.95,413.0
14-12-2016,23.8,11.0,16.5,10.6,286.6,1017.0,0.1,1.7,154.55,336.29,81.54,66.38,45.44,39.57,1.1,18.5,33.54,7.43,15.83,379.0
15-12-2016,24.0,10.0,15.9,9.0,266.1,1016.6,1.4,1.8,167.64,345.07,67.1,61.53,30.43,32.77,1.27,20.65,34.65,6.42,11.87,359.0
16-12-2016,23.8,8.0,15.3,8.0,290.2,1018.2,7.8,1.8,200.78,443.63,137.47,85.26,53.52,42.38,1.72,23.5,33.68,7.61,17.03,390.0
17-12-2016,21.8,9.0,14.6,10.0,269.7,1017.4,13.1,1.1,229.35,450.31,110.1,88.54,45.05,52.64,1.38,21.22,33.35,6.84,15.69,437.0
18-12-2016,22.8,8.0,14.4,8.9,275.0,1017.8,4.2,1.1,232.33,433.94,110.14,86.92,62.67,61.3,1.4,21.99,34.3,6.42,12.53,411.0
19-12-2016,22.8,7.2,14.7,9.0,275.8,1017.5,0.0,1.0,236.24,445.54,87.1,88.02,65.09,61.04,1.1,21.32,31.86,6.08,10.48,443.0
20-12-2016,24.0,9.0,16.1,9.2,274.3,1015.9,0.0,1.5,150.65,324.2,34.1,68.35,45.61,45.61,0.7,22.9,34.48,4.05,5.67,377.0
21-12-2016,25.0,10.0,16.5,8.3,274.7,1015.6,0.0,2.2,115.3,291.75,51.31,66.67,44.05,40.01,0.9,22.63,33.78,4.45,6.24,317.0
22-12-2016,24.0,8.2,15.5,7.8,282.8,1015.9,0.0,1.9,187.3,399.43,99.49,82.03,51.92,50.67,1.35,24.9,37.52,5.76,9.98,349.0
23-12-2016,24.8,8.2,15.3,10.8,271.2,1014.1,0.0,0.7,364.15,616.99,149.58,122.88,67.02,90.37,2.26,22.09,45.0,8.29,18.78,470.0
24-12-2016,24.6,8.4,16.0,12.4,110.4,1011.5,0.0,0.7,411.8,605.65,93.94,114.03,41.37,99.22,1.94,19.54,41.56,8.06,22.05,576.0
25-12-2016,16.0,12.2,14.4,13.0,254.5,1013.6,37.3,0.9,232.41,346.57,30.11,59.88,36.84,61.98,0.84,19.37,38.99,4.58,7.14,412.0
26-12-2016,22.6,10.0,15.0,11.7,280.2,1016.8,34.1,1.0,154.26,307.64,61.69,65.49,56.57,51.87,0.79,22.82,36.31,4.7,7.7,338.0
27-12-2016,23.0,8.0,14.8,9.7,289.4,1017.1,10.5,1.0,213.2,395.37,114.55,93.45,56.14,47.88,1.15,24.51,36.9,6.13,11.06,319.0
28-12-2016,24.8,8.4,15.7,9.5,274.0,1015.9,15.1,1.3,273.82,515.41,192.34,129.41,67.59,60.4,1.94,26.1,40.19,7.04,16.43,455.0
29-12-2016,21.1,9.1,14.4,11.9,106.6,1016.6,6.2,0.9,339.96,535.68,103.69,108.76,33.56,88.44,1.58,21.6,55.09,7.29,18.01,524.0
30-12-2016,18.2,10.8,13.3,11.5,112.1,1017.6,29.7,0.7,231.1,368.9,30.99,62.46,33.89,54.58,1.21,23.47,43.97,6.93,12.43,381.0
31-12-2016,20.2,9.0,13.5,11.7,108.2,1016.3,39.4,0.6,211.16,353.61,40.62,56.66,44.59,52.53,1.23,23.82,42.84,8.03,17.16,338.0
01-01-2017,22.2,9.4,15.6,12.7,89.5,1016.3,1.1,1.2,191.5,402.31,103.24,66.19,55.29,55.92,1.31,25.13,50.03,8.39,19.94,332.0
02-01-2017,23.6,11.0,16.2,13.2,326.0,1018.2,6.0,0.9,247.79,440.18,221.03,95.55,80.85,66.57,1.6,22.29,47.86,8.96,18.92,384.0
03-01-2017,23.5,10.8,15.6,12.9,270.7,1018.4,35.5,0.8,255.33,390.67,155.29,90.79,53.89,58.97,1.54,25.33,42.9,7.65,13.96,373.0
04-01-2017,24.8,10.2,16.8,12.4,157.9,1016.0,0.0,1.2,248.01,341.15,186.07,91.07,71.88,68.53,1.85,23.11,41.13,7.26,16.51,439.0
05-01-2017,24.9,11.3,17.1,13.2,269.0,1014.3,0.0,1.5,215.42,352.83,141.69,87.15,64.41,61.04,1.46,25.15,41.95,5.73,12.89,318.0
06-01-2017,24.0,13.2,18.0,14.8,121.9,1012.0,10.8,1.5,194.12,278.62,67.81,65.86,37.59,58.18,1.09,20.52,44.04,5.01,11.17,390.0
07-01-2017,16.0,13.0,14.6,13.8,109.8,1011.5,70.6,1.0,154.52,170.19,20.42,38.85,20.32,36.9,0.94,22.19,47.75,4.48,7.42,332.0
08-01-2017,20.2,11.7,14.8,12.6,59.5,1014.9,36.1,1.2,136.98,218.67,37.15,52.31,28.25,29.21,0.76,32.22,45.09,3.54,8.22,283.0
09-01-2017,18.8,9.9,13.5,10.9,305.9,1015.6,18.9,1.1,141.88,266.86,76.63,64.33,57.96,36.32,0.93,24.76,42.66,5.03,10.38,300.0
10-01-2017,17.6,6.0,11.5,5.6,290.9,1016.3,0.0,2.3,108.26,239.51,55.04,59.2,49.05,28.52,0.87,19.1,36.04,3.94,7.49,305.0
11-01-2017,16.9,5.2,10.4,4.8,275.5,1016.7,6.0,1.8,146.04,314.69,65.31,67.72,56.02,31.36,0.96,21.36,29.92,4.54,7.8,337.0
12-01-2017,18.0,4.2,10.6,6.1,283.1,1016.3,0.2,1.5,216.73,423.24,111.19,79.35,75.14,43.41,1.12,20.33,32.17,6.37,11.09,417.0
13-01-2017,19.0,5.2,11.5,6.0,298.0,1017.2,0.0,1.4,232.37,426.02,109.5,85.07,71.97,45.76,1.22,24.71,33.09,6.53,12.12,426.0
14-01-2017,18.9,4.4,11.8,7.2,291.4,1018.6,36.3,1.2,309.28,318.52,113.37,84.75,49.23,36.49,0.46,11.7,29.53,2.13,7.2,439.0
15-01-2017,23.0,9.0,15.7,8.9,150.7,1017.9,43.6,1.4,196.97,281.83,45.03,63.97,33.71,24.33,0.53,17.67,24.93,2.7,6.1,382.0
16-01-2017,18.6,9.8,13.8,9.3,300.5,1016.7,30.5,1.3,168.0,284.88,38.14,60.94,37.11,39.47,1.05,20.6,33.86,4.34,7.94,397.0
17-01-2017,15.0,5.0,10.0,8.0,285.0,1018.4,30.9,1.0,177.67,206.63,39.9,51.44,35.24,33.13,0.77,18.44,36.21,4.11,6.3,330.0
18-01-2017,19.0,5.0,11.4,8.1,315.7,1021.4,20.5,1.2,218.63,268.67,57.03,66.94,38.35,31.97,0.84,20.52,34.21,6.89,13.3,358.0
19-01-2017,20.7,6.8,12.5,8.8,289.0,1022.7,12.5,1.4,227.68,225.03,30.18,55.95,22.56,25.48,0.72,20.86,34.42,6.34,11.47,376.0
20-01-2017,19.8,6.0,12.1,7.8,283.2,1021.8,31.9,1.3,217.55,207.03,43.74,63.7,36.69,31.55,0.72,22.23,39.1,5.05,9.03,334.0
21-01-2017,19.0,5.0,12.7,8.5,267.4,1020.4,39.9,1.1,349.98,226.74,51.87,63.36,30.05,19.27,0.05,17.93,18.33,0.0,1.49,387.0
22-01-2017,23.2,9.0,15.7,12.2,302.7,1021.2,16.3,1.3,286.6,360.04,78.33,63.71,38.59,24.1,0.14,18.75,19.1,0.0,2.6,446.0
23-01-2017,24.0,9.0,16.2,12.6,286.1,1019.9,5.1,1.2,189.45,277.25,80.42,67.27,46.06,33.51,0.56,20.61,20.57,3.35,8.67,379.0
24-01-2017,25.1,11.0,17.4,12.0,347.5,1018.5,20.4,1.2,230.94,386.49,122.41,92.12,77.3,56.08,1.37,24.56,37.93,7.79,18.8,375.0
25-01-2017,25.8,13.4,19.2,14.5,108.7,1018.3,52.8,1.3,241.78,370.37,128.62,88.02,51.5,69.27,1.14,23.95,40.58,7.46,21.75,450.0
26-01-2017,18.2,14.0,16.4,15.1,74.5,1017.7,80.7,1.0,135.87,166.57,22.6,50.39,27.1,48.42,0.4,22.04,34.78,4.1,8.16,340.0
27-01-2017,19.6,12.0,15.1,12.6,275.2,1017.8,47.4,1.5,74.92,80.21,32.05,42.24,31.15,31.84,0.42,18.11,36.05,2.47,4.47,203.0
28-01-2017,18.8,10.0,13.8,11.7,281.2,1019.6,43.2,0.8,109.13,144.49,34.83,45.82,33.52,28.3,0.53,18.1,36.87,4.1,6.52,236.0
29-01-2017,21.0,11.0,15.0,12.1,271.8,1017.2,44.5,1.1,132.35,171.91,39.04,46.68,34.02,28.3,0.43,18.12,39.39,3.42,5.81,252.0
30-01-2017,21.8,10.8,15.4,11.9,271.4,1015.8,28.4,1.0,166.71,276.2,110.02,65.43,57.64,40.53,0.99,20.29,36.47,5.37,10.22,302.0
31-01-2017,22.9,10.0,16.5,12.3,310.0,1015.3,3.4,1.3,214.23,316.16,176.81,82.78,73.16,54.92,0.95,22.81,35.58,5.68,18.38,358.0
01-02-2017,21.8,10.0,15.5,11.7,278.1,1016.9,16.0,1.2,136.02,251.31,97.62,64.08,50.05,46.63,1.1,19.51,34.75,4.56,9.29,317.0
02-02-2017,23.6,9.3,16.3,10.5,302.7,1019.1,26.5,1.6,198.24,410.79,190.34,93.86,67.78,60.67,1.5,18.84,36.78,7.21,15.89,387.0
03-02-2017,24.8,10.2,16.9,11.5,262.7,1017.8,30.9,1.5,194.99,427.02,155.9,88.38,66.62,62.33,1.5,19.98,39.02,6.0,14.11,438.0
04-02-2017,23.0,13.1,18.0,14.5,114.3,1014.8,48.4,1.3,186.65,324.14,70.65,62.01,40.48,57.26,1.09,17.04,43.9,4.38,11.24,407.0
05-02-2017,23.0,16.0,18.9,15.0,104.8,1013.7,55.1,1.4,146.49,286.46,33.48,49.57,29.4,40.73,1.02,18.3,44.68,3.18,6.0,312.0
06-02-2017,23.1,12.6,17.0,12.4,301.6,1015.8,34.8,1.6,176.04,414.89,87.2,60.62,54.74,46.21,1.26,17.23,35.21,4.45,9.33,367.0
07-02-2017,21.8,9.0,15.0,8.6,291.3,1016.1,21.4,2.7,77.85,218.27,31.01,55.29,34.25,28.73,0.74,16.07,36.12,2.7,5.44,263.0
08-02-2017,23.8,9.8,16.0,9.2,269.6,1015.2,25.3,1.9,129.1,325.78,66.7,69.98,54.66,31.42,1.0,17.2,34.28,3.87,7.19,287.0
09-02-2017,22.0,10.0,15.9,10.0,289.4,1016.2,1.1,1.9,133.12,303.04,61.19,67.24,53.3,39.7,0.9,20.84,36.78,3.64,7.05,346.0
10-02-2017,22.1,9.0,15.2,9.3,282.9,1015.6,0.0,2.1,120.43,272.12,66.43,62.77,55.46,47.34,0.81,20.09,35.09,3.44,5.86,314.0
11-02-2017,23.8,8.0,16.0,8.2,302.3,1016.3,0.0,2.3,129.09,275.18,92.87,58.31,59.11,55.54,0.65,17.55,31.87,2.97,5.56,314.0
12-02-2017,24.6,9.8,16.5,9.9,355.6,1019.4,0.0,1.9,166.55,250.37,97.85,56.97,61.64,95.27,0.46,19.9,31.11,1.77,3.89,314.0
13-02-2017,24.5,10.0,16.7,10.2,291.9,1021.3,5.7,2.0,120.33,268.92,81.77,73.3,61.81,51.62,0.96,21.25,36.88,4.02,8.26,298.0
14-02-2017,24.8,9.0,17.2,10.1,284.6,1021.4,13.2,1.8,146.69,358.24,65.02,81.51,57.92,50.31,1.04,21.87,35.28,4.37,7.54,319.0
15-02-2017,26.8,11.0,18.2,10.7,276.1,1020.7,3.3,2.3,183.98,386.01,82.12,82.14,64.01,54.38,0.92,21.26,31.92,5.29,8.33,382.0
16-02-2017,26.3,13.0,19.8,11.6,278.1,1018.2,27.6,2.0,163.86,335.5,62.07,78.82,55.79,55.87,0.88,21.02,31.57,3.97,7.68,352.0
17-02-2017,26.8,15.0,20.0,13.7,275.7,1017.2,39.5,2.1,112.02,330.9,50.86,72.55,52.64,53.4,0.87,19.33,32.42,3.72,6.45,309.0
18-02-2017,29.6,14.0,21.3,14.9,291.8,1017.1,27.6,2.0,107.13,352.54,81.6,71.98,57.13,62.34,0.8,19.29,30.24,4.43,7.84,301.0
19-02-2017,30.8,15.8,22.8,14.7,274.7,1013.9,40.7,2.8,109.38,364.83,105.3,68.84,64.27,75.4,0.95,18.33,29.1,3.46,6.7,274.0
20-02-2017,32.0,17.5,24.0,14.5,242.3,1006.6,28.3,2.6,126.74,406.49,152.15,67.45,82.63,83.01,1.26,23.96,35.07,4.25,11.64,313.0
21-02-2017,25.0,16.0,20.5,15.0,268.0,1007.5,29.7,2.4,106.92,303.47,67.69,60.72,60.22,66.01,0.85,19.57,33.71,3.71,5.9,310.0
22-02-2017,26.8,12.4,20.1,11.2,282.3,1011.8,6.3,2.5,93.03,270.3,84.46,65.62,62.23,58.5,0.9,19.84,38.35,4.13,10.09,258.0
23-02-2017,25.0,11.8,18.7,6.3,286.7,1014.7,0.0,3.2,182.29,158.96,37.77,55.22,34.91,38.51,0.28,13.77,44.58,2.3,4.93,238.0
24-02-2017,25.0,9.0,18.6,6.8,294.5,1016.2,0.0,3.3,451.25,104.82,22.53,42.2,16.05,29.63,0.0,6.64,55.11,0.0,2.44,449.0
25-02-2017,27.0,11.0,19.3,7.7,286.0,1014.7,0.0,3.0,425.22,103.74,28.71,46.64,19.0,34.4,0.0,8.41,55.2,0.0,2.19,516.0
26-02-2017,27.0,11.0,19.1,9.6,275.3,1012.7,0.0,2.7,328.23,198.09,50.17,59.34,38.8,40.72,0.49,17.55,31.79,1.71,5.09,520.0
27-02-2017,28.8,11.0,20.3,9.4,288.3,1014.2,0.0,3.1,178.5,255.65,68.74,72.8,57.4,43.29,0.96,21.66,35.64,3.97,7.86,363.0
28-02-2017,32.2,13.9,22.5,10.9,100.7,1014.0,19.4,2.6,149.73,382.34,135.95,94.66,72.79,76.09,1.7,28.15,38.79,5.35,15.38,362.0
01-03-2017,29.9,19.2,24.0,12.5,69.8,1012.7,43.2,2.6,127.9,359.47,122.04,79.46,60.34,73.27,1.11,24.07,45.24,5.07,14.64,397.0
02-03-2017,28.0,16.8,22.4,14.3,288.3,1012.3,46.1,2.4,114.68,300.55,64.39,69.08,48.81,62.98,0.58,23.53,35.22,3.39,9.96,280.0
03-03-2017,27.0,13.4,21.0,8.3,313.0,1011.2,32.8,3.5,67.83,181.19,45.45,56.64,41.38,41.85,0.68,19.69,32.02,3.0,7.1,206.0
04-03-2017,26.2,12.0,19.3,7.9,292.9,1010.3,12.0,3.0,82.32,196.84,48.61,60.55,44.96,39.3,0.68,22.03,27.77,3.74,7.78,190.0
05-03-2017,27.8,11.0,19.5,7.0,288.3,1010.9,4.1,2.6,90.6,229.62,42.58,61.48,43.44,34.4,0.86,25.34,31.88,4.1,6.61,210.0
06-03-2017,28.0,11.0,20.2,6.8,283.5,1010.6,9.8,2.8,91.6,242.14,47.05,64.99,47.02,33.66,0.93,26.91,30.68,3.94,6.57,201.0
07-03-2017,30.0,13.0,21.9,8.7,280.3,1009.1,31.0,2.6,112.41,307.78,84.73,65.16,58.96,43.71,1.06,30.7,34.43,4.78,11.46,243.0
08-03-2017,26.8,19.0,22.2,11.5,27.2,1008.7,56.1,3.3,134.4,224.36,37.88,49.88,33.11,36.04,0.53,24.14,35.35,3.18,6.45,267.0
09-03-2017,27.9,15.0,19.6,13.7,81.5,1008.1,50.1,2.8,106.45,142.78,36.2,39.68,21.71,32.12,0.29,20.15,45.45,2.27,5.59,245.0
10-03-2017,24.8,15.0,18.3,12.8,127.8,1007.0,50.2,3.4,68.88,106.39,23.17,33.32,15.14,25.51,0.26,17.93,47.51,1.51,4.4,165.0
11-03-2017,23.0,12.0,17.3,10.2,11.1,1010.0,45.8,3.5,37.49,110.65,29.5,32.0,17.11,24.61,0.32,19.4,47.14,1.93,5.33,102.0
12-03-2017,23.6,11.9,17.8,8.7,311.7,1014.3,28.4,3.4,64.42,169.87,31.79,32.11,17.93,24.24,0.33,20.11,42.82,2.76,5.78,159.0
13-03-2017,23.8,10.0,17.7,6.3,303.8,1014.6,2.3,3.4,74.58,182.79,17.82,27.78,11.86,21.02,0.3,19.33,34.2,2.78,3.95,174.0
14-03-2017,26.0,10.4,18.4,7.3,304.8,1016.3,13.9,3.3,102.46,284.27,36.09,34.28,21.26,22.58,0.52,22.37,34.99,3.56,7.23,270.0
15-03-2017,28.0,12.0,20.3,9.1,300.3,1014.9,11.8,3.0,112.71,319.97,59.15,42.06,30.58,37.36,0.56,23.96,32.01,4.06,9.02,397.0
16-03-2017,29.8,14.8,22.2,10.9,303.3,1012.0,49.1,2.7,125.8,348.95,73.95,42.18,35.0,43.07,0.62,23.59,31.9,4.39,9.51,371.0
17-03-2017,27.8,13.0,21.4,12.8,294.8,1011.0,11.1,2.8,114.07,288.64,36.4,38.7,20.84,29.62,0.79,21.42,32.6,3.6,6.72,328.0
18-03-2017,29.8,14.0,22.6,11.2,300.9,1010.6,21.2,2.7,96.39,267.96,43.27,46.65,25.98,33.5,0.73,22.29,33.42,3.75,7.45,254.0
19-03-2017,29.8,16.8,22.9,12.8,297.8,1011.6,26.2,3.0,120.43,350.42,80.86,51.65,41.4,43.17,0.99,22.89,31.83,4.88,9.77,342.0
20-03-2017,30.2,16.0,22.9,13.3,290.2,1012.7,0.0,2.7,113.38,332.73,41.69,49.53,26.14,34.32,0.96,22.25,30.92,4.07,6.47,367.0
21-03-2017,33.2,17.0,25.1,13.4,284.2,1012.4,6.5,2.7,104.03,365.67,46.31,51.94,29.59,33.99,1.03,24.38,28.61,5.02,7.75,400.0
22-03-2017,35.2,19.0,27.1,14.1,277.8,1010.8,0.0,3.1,120.88,405.64,86.41,69.31,31.85,49.03,0.68,28.88,20.88,5.29,10.6,390.0
23-03-2017,37.0,19.5,28.5,15.5,303.2,1009.7,6.3,3.1,151.17,342.53,135.8,70.55,29.17,73.23,0.64,27.21,31.7,2.25,5.55,417.0
24-03-2017,34.8,21.6,28.1,14.6,318.0,1010.4,25.9,2.9,149.42,282.88,45.21,79.52,32.77,76.02,0.84,22.09,19.74,1.63,3.68,359.0
25-03-2017,34.6,17.0,26.5,12.9,296.4,1010.7,5.9,3.5,168.23,254.71,49.68,83.82,45.26,59.37,0.39,15.18,22.26,1.26,2.76,309.0
26-03-2017,34.8,18.0,27.4,13.2,298.2,1011.3,3.5,3.3,118.34,247.77,43.09,78.84,42.21,53.05,0.37,14.85,23.14,1.16,2.36,292.0
27-03-2017,37.0,20.0,28.9,15.0,303.5,1010.3,0.4,3.4,156.38,218.98,38.44,79.24,40.77,52.56,0.4,17.55,23.49,1.21,2.67,278.0
28-03-2017,38.0,22.0,29.9,16.0,291.9,1009.6,0.4,3.0,152.66,289.95,61.08,85.54,53.58,61.73,0.55,18.24,18.81,2.16,4.81,320.0
29-03-2017,38.1,23.0,30.6,15.2,288.8,1008.2,0.0,3.4,113.62,311.56,77.91,75.87,59.57,58.95,0.59,17.26,15.36,3.3,5.26,350.0
30-03-2017,38.0,22.0,31.1,14.8,293.6,1008.1,2.2,3.6,69.44,204.22,61.61,76.28,46.32,57.35,0.47,23.72,14.88,1.41,2.94,234.0
31-03-2017,39.0,23.0,31.1,15.0,286.8,1008.7,24.0,3.4,91.19,285.69,76.66,84.22,56.29,67.36,0.51,20.48,22.61,1.92,4.14,233.0
01-04-2017,40.0,23.0,31.7,14.8,296.0,1006.7,25.3,3.3,105.71,291.02,84.88,81.75,63.72,68.33,0.72,20.05,22.94,2.88,6.71,341.0
02-04-2017,38.0,23.0,30.9,13.5,288.4,1005.3,5.2,3.8,83.36,210.86,49.44,77.96,46.98,59.67,0.55,19.33,34.73,1.95,4.93,259.0
03-04-2017,39.2,22.0,31.4,11.7,299.7,1005.5,6.0,3.7,70.62,192.27,55.93,83.8,49.07,58.96,0.47,24.03,32.92,1.27,3.35,204.0
04-04-2017,37.0,23.5,30.2,12.4,343.1,1007.2,43.1,3.8,84.4,234.82,57.09,73.67,43.73,63.38,0.5,24.14,31.95,1.36,2.83,220.0
05-04-2017,33.8,22.8,27.9,16.8,99.8,1005.0,51.6,3.4,47.67,207.72,34.82,64.65,34.67,66.8,0.41,19.75,29.86,0.84,4.83,255.0
06-04-2017,38.0,23.9,30.0,11.7,169.2,1003.5,21.1,3.4,62.44,252.48,39.61,67.13,39.78,59.04,0.39,17.21,30.66,0.79,2.04,211.0
07-04-2017,34.2,23.1,28.8,6.8,295.0,1007.5,8.0,2.1,150.76,543.0,61.75,74.99,47.72,51.4,0.45,27.69,35.44,1.55,3.49,428.0
08-04-2017,33.8,17.6,26.6,4.4,284.6,1010.7,0.0,3.3,151.25,410.15,104.57,77.6,56.4,55.26,0.63,33.4,36.52,1.98,3.68,497.0
09-04-2017,32.2,19.4,27.0,5.0,311.2,1011.5,0.0,4.1,68.88,190.42,36.79,68.1,34.4,38.77,0.34,22.78,52.48,0.74,1.81,289.0
10-04-2017,34.0,20.0,27.5,5.5,295.6,1009.6,0.0,3.8,129.15,237.88,33.56,72.06,34.8,37.48,0.36,21.85,54.89,0.97,2.21,285.0
11-04-2017,38.0,17.0,29.1,4.8,294.0,1007.6,0.5,3.8,146.59,253.07,40.88,71.58,39.52,40.69,0.41,24.49,45.45,1.69,6.95,368.0
12-04-2017,39.0,20.0,30.6,6.9,298.9,1006.8,0.0,3.5,107.69,309.37,45.69,61.17,50.77,43.01,0.76,32.76,33.49,3.16,17.79,304.0
13-04-2017,40.2,21.2,30.9,8.3,278.3,1007.4,0.0,3.3,163.97,375.82,146.3,87.79,59.71,54.53,1.28,43.82,27.66,5.3,22.01,377.0
14-04-2017,40.5,22.7,32.3,10.6,106.6,1005.9,0.0,3.1,184.69,371.87,140.56,110.15,65.91,67.47,1.31,50.31,43.31,6.65,29.96,418.0
15-04-2017,40.5,23.4,32.7,10.7,290.4,1003.5,0.5,3.3,176.54,343.62,156.79,102.4,58.09,63.27,1.22,42.8,28.5,8.01,42.03,355.0
16-04-2017,40.4,23.0,32.2,12.0,41.5,1003.9,0.0,3.0,175.23,409.95,114.73,102.55,57.91,38.41,1.46,62.6,40.1,10.12,41.02,416.0
17-04-2017,41.5,26.0,33.3,16.2,91.0,1005.2,0.0,3.1,145.22,389.03,62.73,102.55,48.4,42.18,0.92,42.39,35.43,6.32,31.63,403.0
18-04-2017,42.4,26.3,34.4,13.5,275.3,1004.0,0.0,2.8,152.84,400.78,56.91,88.05,32.95,41.14,0.45,44.15,28.65,5.52,23.71,415.0
19-04-2017,42.2,26.6,35.2,9.4,284.4,1002.3,0.0,3.5,136.35,356.47,90.13,80.08,43.78,50.75,0.82,41.33,32.02,4.79,21.33,412.0
20-04-2017,43.0,27.6,35.5,13.0,277.1,1000.2,0.0,3.7,152.99,324.19,145.19,93.15,64.74,64.48,1.11,37.38,49.2,4.67,18.78,394.0
21-04-2017,40.4,29.0,34.7,19.6,103.0,1000.6,4.4,2.9,130.13,409.7,43.34,103.25,32.82,54.57,0.69,30.82,56.86,2.51,14.76,357.0
22-04-2017,39.6,29.8,33.4,19.6,64.6,1002.4,18.7,2.5,110.54,263.66,38.45,93.8,20.08,39.46,0.0,16.031965859030837,51.462506782419965,0.0,0.0,291.0
23-04-2017,40.2,26.0,32.9,14.1,299.5,1003.3,12.7,3.1,103.42,260.82,69.5,75.05,37.43,40.33,0.39,29.4,55.86,0.73,5.6,244.0
24-04-2017,38.0,26.0,32.2,13.7,306.3,1004.9,12.6,3.5,99.09,266.24,59.96,61.32,37.61,34.43,1.5,31.95,42.6,2.18,18.62,287.0
25-04-2017,39.0,24.0,31.9,12.0,301.0,1005.4,16.7,3.3,96.07,287.92,46.18,69.59,44.02,31.0,0.78,39.9,50.43,2.19,14.87,254.0
26-04-2017,38.2,23.0,31.2,12.1,242.6,1005.8,38.0,3.6,72.31,189.5,69.69,72.94,57.76,34.01,0.82,29.27,38.6,1.66,18.82,242.0
27-04-2017,37.3,23.5,31.9,11.8,274.4,1007.3,49.5,3.1,93.14,271.06,73.82,73.49,59.27,37.41,0.91,46.69,41.04,2.14,15.72,223.0
28-04-2017,38.2,24.9,32.0,12.7,252.3,1006.2,42.2,3.2,109.36,271.94,61.19,68.76,52.75,33.57,1.15,39.58,33.66,2.3,13.35,243.0
29-04-2017,39.0,24.8,31.3,13.7,137.1,1006.1,46.7,3.3,126.74,303.75,82.18,85.21,66.92,42.48,1.47,54.52,40.95,3.64,16.23,237.0
30-04-2017,38.0,24.0,31.1,15.2,70.2,1006.4,45.6,3.4,80.81,234.05,33.5,65.55,32.27,34.42,0.93,46.62,57.8,2.25,13.6,275.0
01-05-2017,37.8,23.9,31.3,12.4,14.4,1008.2,15.5,4.0,85.8,211.83,64.66,70.38,41.01,40.22,1.39,56.64,42.85,3.24,16.32,183.0
02-05-2017,40.0,23.1,32.3,11.3,331.8,1008.6,20.8,3.6,198.2,313.23,133.01,108.48,65.63,44.95,1.8,50.78,58.08,3.47,16.69,370.0
03-05-2017,39.8,25.8,32.2,12.6,137.6,1006.9,61.0,2.7,145.74,367.73,62.01,97.21,58.52,44.27,1.46,54.83,43.78,3.33,16.32,419.0
04-05-2017,38.8,25.0,31.9,13.4,290.7,1008.0,15.9,3.6,109.91,302.02,44.86,67.76,43.5,34.41,1.08,34.97,45.95,1.81,12.37,317.0
05-05-2017,40.1,24.0,33.3,11.5,286.1,1006.8,8.5,3.0,207.4,429.32,68.51,75.66,56.71,32.24,1.23,46.67,50.69,3.1,12.7,455.0
06-05-2017,42.2,25.7,34.4,13.5,290.1,1006.7,5.6,3.5,204.56,363.53,126.22,92.19,74.14,37.01,1.94,51.7,43.3,4.17,16.74,435.0
07-05-2017,44.0,26.0,35.5,13.3,310.8,1005.3,0.6,3.4,220.77,376.33,150.24,92.34,91.72,41.82,3.02,45.39,42.33,4.33,17.84,468.0
08-05-2017,42.8,28.7,35.9,14.0,285.1,1004.7,20.8,3.0,183.82,392.34,78.17,94.19,68.74,50.62,1.87,52.99,39.49,4.58,16.63,442.0
09-05-2017,42.4,28.3,35.5,15.4,128.9,1002.8,26.0,3.5,109.76,334.65,24.91,65.21,35.7,36.69,0.81,36.94,43.99,2.73,21.07,400.0
10-05-2017,39.8,28.9,33.1,19.7,109.4,1005.3,47.6,3.3,74.42,242.54,11.75,46.48,21.01,34.59,0.75,35.61,61.69,1.8,14.05,223.0
11-05-2017,41.4,27.8,34.6,17.5,119.3,1006.2,26.2,3.7,94.28,263.87,25.99,62.22,35.29,30.7,1.06,44.94,68.53,2.93,17.74,220.0
12-05-2017,41.2,29.6,35.0,18.0,288.4,1006.4,46.1,2.5,216.96,500.59,47.65,70.84,46.27,35.38,1.11,65.5,66.7,3.56,18.9,474.0
13-05-2017,41.7,28.4,35.8,16.9,302.8,1004.3,6.0,3.0,198.09,356.85,72.18,87.53,69.94,42.62,1.51,53.24,63.83,5.31,26.2,479.0
14-05-2017,44.0,29.7,36.7,14.2,287.4,1001.7,15.9,3.5,121.76,334.51,61.83,70.37,58.22,32.57,1.11,44.98,41.08,4.62,23.08,373.0
15-05-2017,46.0,28.8,37.2,12.5,272.2,1000.0,8.4,3.6,135.54,381.35,89.05,75.55,69.21,37.08,0.94,46.16,34.75,3.74,18.26,354.0
16-05-2017,41.4,30.0,35.7,15.1,311.5,1000.0,28.9,3.1,123.21,375.15,34.5,54.83,30.75,20.17,0.81,41.96,52.5,2.51,14.55,349.0
17-05-2017,37.2,28.8,32.5,17.0,271.3,1002.7,47.5,3.3,78.18,287.99,24.59,47.84,30.59,12.09,0.57,39.01,48.38,1.44,12.72,264.0
18-05-2017,40.0,28.2,34.0,17.8,240.1,1002.7,39.1,3.6,126.04,279.92,9.76,50.3,20.34,13.57,0.51,55.11,52.39,2.19,13.46,188.0
19-05-2017,42.0,28.7,33.2,17.4,218.5,1002.9,46.4,3.5,139.1,329.12,37.79,58.93,38.72,27.59,0.9,41.31,45.33,1.58,11.14,294.0
20-05-2017,39.0,29.5,33.7,16.0,305.3,1002.3,44.4,3.3,233.82,352.76,58.84,59.74,41.26,25.31,1.17,36.26,46.67,1.7,11.51,334.0
21-05-2017,39.0,24.4,31.4,17.3,329.2,1001.6,34.2,2.8,178.44,505.07,65.22,52.38,37.23,13.02,1.11,40.4,49.89,2.42,13.96,505.0
22-05-2017,29.0,25.2,27.3,18.6,279.7,1005.2,64.2,3.0,110.1,386.67,72.51,63.7,49.96,39.38,1.24,35.36,40.92,3.54,17.75,349.0
23-05-2017,38.4,23.9,32.1,17.9,335.8,1004.2,27.3,3.5,118.43,326.02,135.99,84.21,38.66,56.89,1.14,37.55,39.59,3.78,18.52,421.0
24-05-2017,41.0,27.7,34.8,19.3,106.9,1002.6,37.5,3.3,107.37,252.35,32.51,80.72,21.67,42.37,0.63,42.21,39.1,4.42,18.3,238.0
25-05-2017,41.4,29.7,35.6,17.2,258.7,1001.0,21.4,3.5,113.9,222.88,20.0,65.71,23.38,33.07,0.73,41.43,30.8,2.65,14.63,204.0
26-05-2017,44.2,29.9,37.2,17.5,80.2,999.3,5.7,3.4,103.75,301.57,19.37,79.07,31.23,49.97,0.81,41.4,53.9,2.45,11.12,289.0
27-05-2017,40.2,30.0,34.4,20.0,100.3,999.0,5.2,3.6,69.88,317.07,8.83,50.12,15.96,39.95,0.64,38.55,53.22,1.19,9.27,236.0
28-05-2017,37.0,26.0,31.5,21.5,106.2,999.7,24.1,4.0,40.33,150.34,7.16,45.6,15.27,37.97,0.56,31.5,57.01,1.04,9.65,148.0
29-05-2017,33.8,23.0,29.0,21.7,78.5,1000.5,38.7,3.3,48.95,150.23,18.15,55.2,23.76,41.24,0.59,26.99,49.0,1.5,11.24,94.0
30-05-2017,37.0,23.1,31.4,21.1,89.1,998.7,15.2,3.7,63.27,174.62,17.45,64.11,26.54,47.68,0.62,26.15,54.23,2.0,13.37,130.0
31-05-2017,34.5,25.0,29.0,22.2,114.1,1000.7,39.1,3.3,56.38,137.62,26.49,69.98,30.75,53.68,1.0,21.94,50.95,2.2,12.75,123.0
01-06-2017,37.0,26.0,31.9,21.6,290.3,1001.8,28.1,3.0,95.23,257.16,53.45,97.33,52.3,57.81,1.34,23.0,65.67,3.33,15.28,192.0
02-06-2017,40.4,26.5,34.1,18.9,274.2,1001.5,1.1,2.9,123.44,354.35,82.72,131.55,58.97,60.86,1.33,24.75,45.77,3.24,14.9,324.0
03-06-2017,42.4,29.5,36.9,17.1,289.5,999.1,0.0,3.7,122.2,362.94,96.1,119.37,71.01,62.41,1.37,23.23,42.56,3.35,14.76,357.0
04-06-2017,45.5,32.3,39.1,14.8,273.1,998.1,0.0,3.6,121.1,436.35,89.35,92.68,61.23,55.02,0.86,22.69,29.97,2.21,13.45,393.0
05-06-2017,45.0,34.4,39.4,18.1,270.2,998.6,0.0,3.6,71.89,320.91,58.98,64.07,47.44,41.28,0.63,18.63,20.67,1.23,15.57,302.0
06-06-2017,43.0,31.8,37.7,19.8,264.9,1000.8,8.0,3.7,80.37,348.79,47.89,57.63,42.42,43.51,0.61,16.51,26.41,1.27,15.28,239.0
07-06-2017,37.0,27.0,31.6,20.5,75.7,1004.9,36.6,3.6,40.87,233.62,23.35,70.77,22.9,48.84,0.34,23.51,39.61,0.79,7.26,210.0
08-06-2017,34.7,26.9,30.6,21.4,43.6,1003.5,51.9,3.8,41.83,237.16403783783787,20.44,79.9,9.88,40.3,0.0,16.031965859030837,51.462506782419965,0.0,0.0,77.0
09-06-2017,37.4,27.4,32.3,21.5,47.8,1002.0,53.7,3.2,66.73,295.56,14.64,76.52,9.53,41.19,0.0,16.031965859030837,51.462506782419965,0.0,0.0,89.0
10-06-2017,39.0,28.4,33.3,20.3,191.6,1000.8,44.8,3.3,64.63,237.16403783783787,22.12,80.04,7.62,41.51,0.0,16.031965859030837,51.462506782419965,0.0,0.0,143.0
11-06-2017,38.0,25.9,31.9,18.0,350.4,1000.8,25.8,3.8,43.02,237.16403783783787,19.89,77.07,10.77,38.68,0.0,16.031965859030837,51.462506782419965,0.0,0.0,80.0
12-06-2017,42.0,26.2,34.6,18.0,312.9,999.0,7.6,3.9,57.4,166.25,35.93,106.23,16.06,50.52,0.0,16.031965859030837,51.462506782419965,0.0,0.0,92.0
13-06-2017,42.2,28.0,36.1,17.7,264.5,998.3,33.0,3.5,48.6,244.14,73.59,96.64,18.94,58.1,0.0,16.031965859030837,51.462506782419965,0.0,0.0,112.0
14-06-2017,42.0,29.9,34.7,17.3,272.6,1000.5,29.2,3.4,62.0,310.73,37.26,86.9,8.6,52.51,0.0,16.031965859030837,51.462506782419965,0.0,0.0,117.0
15-06-2017,41.0,29.0,34.5,17.7,290.6,1000.9,32.5,3.3,80.14,205.5,41.28,139.09,5.03,54.71,0.0,16.031965859030837,51.462506782419965,0.0,0.0,101.0
16-06-2017,34.8,22.5,29.0,22.2,128.3,1001.4,55.9,3.0,51.6,124.35,43.17,80.43,12.37,51.3,0.0,16.031965859030837,51.462506782419965,0.0,0.0,106.0
17-06-2017,31.4,26.0,28.8,22.5,219.2,1001.3,65.0,3.2,41.96,87.16,38.8,70.93,10.95,48.94,0.0,16.031965859030837,51.462506782419965,0.0,0.0,88.0
18-06-2017,36.0,26.0,31.1,23.7,259.7,999.8,43.1,3.1,65.19,218.93,48.7,56.65,11.02,48.14,0.0,16.031965859030837,51.462506782419965,0.0,0.0,94.0
19-06-2017,37.0,24.4,31.2,24.8,285.2,997.9,53.5,3.1,60.9,228.2,49.53,36.63,9.3,46.71,0.0,16.031965859030837,51.462506782419965,0.0,0.0,150.0
20-06-2017,32.2,24.0,27.3,23.4,52.9,999.6,54.0,3.0,35.1,88.82,57.03,99.75,18.49,59.54,0.0,16.031965859030837,51.462506782419965,0.0,0.0,97.0
21-06-2017,32.1,24.2,28.3,24.5,7.6,999.6,55.0,2.8,58.27,87.74,61.79,63.2,13.55,50.91,0.0,16.031965859030837,51.462506782419965,0.0,0.0,109.0
22-06-2017,33.0,25.9,30.0,23.6,277.6,1000.7,34.9,3.4,61.93,124.6,110.0,36.35,11.06,69.13,0.0,16.031965859030837,51.462506782419965,0.0,0.0,124.0
23-06-2017,36.0,27.3,31.8,23.6,305.8,1000.7,31.3,3.4,44.08,160.22,39.17,103.29,7.45,52.73,0.0,16.031965859030837,51.462506782419965,0.0,0.0,262.0
24-06-2017,38.0,28.3,33.4,24.5,43.1,998.2,21.2,3.5,63.62,245.23,55.51,83.84,14.32,58.3,0.0,16.031965859030837,51.462506782419965,0.0,0.0,111.0
25-06-2017,39.2,30.3,34.8,25.3,78.9,998.0,31.2,3.3,76.1,325.29,17.77,71.42,8.2,45.21,0.0,16.031965859030837,51.462506782419965,0.0,0.0,148.0
26-06-2017,38.0,30.5,34.6,26.0,87.0,999.3,38.8,3.6,51.52,359.19,20.96,53.97,7.09,38.93,0.0,16.031965859030837,51.462506782419965,0.0,0.0,108.0
27-06-2017,39.0,30.0,34.6,26.3,90.2,999.1,48.5,3.7,36.62,286.38,16.9,54.02,6.56,37.64,0.0,16.031965859030837,51.462506782419965,0.0,0.0,73.0
28-06-2017,34.0,26.0,29.2,25.4,21.9,1000.4,76.6,2.7,29.83,128.18,30.92,58.02,9.28,41.14,0.0,16.031965859030837,51.462506782419965,0.0,0.0,58.0
29-06-2017,30.8,25.0,28.0,25.8,104.2,999.9,77.4,2.2,22.98,103.8,21.6,35.01,5.52,33.87,0.0,16.031965859030837,51.462506782419965,0.0,0.0,58.0
30-06-2017,30.9,26.2,27.8,26.6,97.1,997.8,73.5,2.2,25.83,90.41,44.88,32.97,8.43,41.27,0.0,16.031965859030837,51.462506782419965,0.0,0.0,46.0
01-07-2017,34.2,27.0,29.4,26.9,170.1,996.4,75.4,2.4,43.35,224.62,62.09,17.4,9.35,44.12,0.0,16.031965859030837,51.462506782419965,0.0,0.0,84.0
02-07-2017,31.6,26.0,28.4,26.6,95.0,997.7,74.0,2.4,20.52,223.56,28.19,11.37,4.19,32.97,0.0,16.031965859030837,51.462506782419965,0.0,0.0,54.0
03-07-2017,36.6,27.2,31.3,26.9,6.0,997.8,52.0,2.7,46.71,246.98,28.86,20.06,5.17,32.02,0.0,16.031965859030837,51.462506782419965,0.0,0.0,49.0
04-07-2017,36.0,28.0,32.3,26.4,264.0,996.1,50.0,3.9,116.12,237.16403783783787,27.08,19.37,4.82,28.8,0.0,16.031965859030837,51.462506782419965,0.0,0.0,149.0
05-07-2017,35.0,29.3,32.4,25.5,254.3,997.4,58.1,3.7,50.81,237.16403783783787,27.08,14.86,5.05,25.81,0.0,16.031965859030837,51.462506782419965,0.0,0.0,212.0
06-07-2017,35.0,26.0,30.7,25.3,120.1,999.6,66.8,3.2,47.17,237.16403783783787,18.19,18.32,4.13,24.82,0.0,16.031965859030837,51.462506782419965,0.0,0.0,85.0
07-07-2017,35.2,26.0,30.3,25.8,84.2,1001.1,65.7,3.0,41.42,237.16403783783787,30.0,18.21,5.09,30.98,0.0,16.031965859030837,51.462506782419965,0.0,0.0,77.0
08-07-2017,36.4,28.5,32.6,25.6,310.1,1001.0,45.6,3.3,45.31,237.16403783783787,32.87,23.52,6.01,28.82,0.0,16.031965859030837,51.462506782419965,0.0,0.0,65.0
09-07-2017,39.0,30.4,34.5,24.9,281.5,999.8,46.9,3.8,58.46,237.16403783783787,67.54,21.16,10.42,41.79,0.0,16.031965859030837,51.462506782419965,0.0,0.0,108.0
10-07-2017,38.0,30.3,34.2,23.8,276.6,999.8,50.7,3.7,41.92,237.16403783783787,25.63,18.81,4.9,27.22,0.0,16.031965859030837,51.462506782419965,0.0,0.0,78.0
11-07-2017,35.8,26.2,30.0,25.4,130.7,1000.8,73.5,3.4,33.04,237.16403783783787,26.7,21.44,5.01,26.19,0.0,16.031965859030837,51.462506782419965,0.0,0.0,59.0
12-07-2017,33.0,26.0,29.2,25.6,127.9,1002.2,71.4,3.3,22.35,237.16403783783787,25.59,19.98,4.81,27.31,0.0,16.031965859030837,51.462506782419965,0.0,0.0,47.0
13-07-2017,34.8,26.8,30.8,24.9,92.9,1001.2,56.0,3.8,22.44,237.16403783783787,25.51,21.59,4.86,28.03,0.0,16.031965859030837,51.462506782419965,0.0,0.0,39.0
14-07-2017,36.0,28.3,32.1,25.5,95.1,1000.5,50.1,3.8,30.35,237.16403783783787,17.2,38.36,5.65,29.06,0.0,16.031965859030837,51.462506782419965,0.0,0.0,40.0
15-07-2017,35.0,29.0,31.0,26.2,96.6,1000.6,51.8,3.6,32.02,237.16403783783787,16.13,77.47,9.24,37.26,0.0,16.031965859030837,51.462506782419965,0.0,0.0,56.0
16-07-2017,36.0,28.8,31.7,26.8,98.4,1000.2,59.7,3.2,38.77,237.16403783783787,15.56,76.98,8.39,35.52,0.0,16.031965859030837,51.462506782419965,0.0,0.0,65.0
17-07-2017,33.6,27.7,29.7,26.7,76.4,1000.4,60.9,2.8,33.56,237.16403783783787,31.69,86.61,11.38,43.34,0.0,16.031965859030837,51.462506782419965,0.0,0.0,71.0
18-07-2017,36.2,27.0,32.1,26.4,95.3,1000.4,54.9,3.2,37.67,237.16403783783787,25.69,126.91,14.1,49.2,0.0,16.031965859030837,51.462506782419965,0.0,0.0,97.0
19-07-2017,38.0,29.1,33.2,26.1,50.2,999.0,50.3,3.2,55.96,237.16403783783787,58.31,137.15,19.34,58.22,0.0,16.031965859030837,51.462506782419965,0.0,0.0,118.0
20-07-2017,34.0,25.3,30.0,26.3,83.5,998.5,60.0,2.8,28.88,237.16403783783787,41.13,61.54,11.02,44.64,0.0,16.031965859030837,51.462506782419965,0.0,0.0,116.0
21-07-2017,36.0,28.7,31.9,26.3,76.4,998.6,57.5,3.6,23.12,237.16403783783787,20.56,23.67,4.69,26.97,0.0,16.031965859030837,51.462506782419965,0.0,0.0,53.0
22-07-2017,34.5,27.0,29.7,25.9,92.0,998.9,69.3,3.4,18.54,237.16403783783787,20.65,19.9,4.52,23.32,0.0,16.031965859030837,51.462506782419965,0.0,0.0,30.0
23-07-2017,34.4,26.4,29.1,26.3,95.6,997.9,70.5,2.7,22.65,237.16403783783787,18.67,18.22,3.76,26.79,0.0,16.031965859030837,51.462506782419965,0.0,0.0,37.0
24-07-2017,32.7,26.9,29.3,26.0,96.1,997.3,69.4,3.0,17.52,237.16403783783787,28.89,19.95,5.21,28.58,0.0,16.031965859030837,51.462506782419965,0.0,0.0,35.0
25-07-2017,32.0,27.0,28.8,26.1,91.4,997.8,74.2,2.7,22.17,237.16403783783787,21.08,18.1,3.98,28.73,0.0,16.031965859030837,51.462506782419965,0.0,0.0,37.0
26-07-2017,34.8,26.9,30.6,26.0,109.9,999.9,58.7,3.3,20.17,237.16403783783787,20.61,21.95,4.61,27.09,0.0,16.031965859030837,51.462506782419965,0.0,0.0,32.0
27-07-2017,34.8,29.2,31.5,25.8,98.6,1001.6,63.9,3.7,24.42,237.16403783783787,23.71,25.33,5.12,26.74,0.0,16.031965859030837,51.462506782419965,0.0,0.0,41.0
28-07-2017,35.6,28.0,31.3,26.2,91.8,1002.2,65.9,3.5,25.71,237.16403783783787,23.69,24.07,4.84,25.11,0.0,16.031965859030837,51.462506782419965,0.0,0.0,42.0
29-07-2017,34.8,27.9,30.5,26.1,117.3,1002.2,57.3,3.6,27.25,237.16403783783787,12.65,22.87,3.3,22.45,0.0,16.031965859030837,51.462506782419965,0.0,0.0,47.0
30-07-2017,33.2,28.0,30.3,25.1,158.3,1001.7,70.9,3.8,10.88,237.16403783783787,11.6,20.58,3.53,22.24,0.0,16.031965859030837,51.462506782419965,0.0,0.0,30.0
31-07-2017,30.0,27.0,28.3,26.3,234.3,1002.1,80.1,2.7,17.1,237.16403783783787,28.26,26.19,5.91,32.0,0.0,16.031965859030837,51.462506782419965,0.0,0.0,29.0
01-08-2017,31.6,26.9,28.1,26.3,250.8,1002.2,76.1,2.5,17.24,237.16403783783787,27.25,23.4,5.48,33.36,0.0,16.031965859030837,51.462506782419965,0.0,0.0,44.0
02-08-2017,31.1,27.0,29.2,25.9,272.6,1001.6,73.1,3.0,27.56,237.16403783783787,33.12,26.54,6.7,38.35,0.0,16.031965859030837,51.462506782419965,0.0,0.0,40.0
03-08-2017,34.0,27.0,30.4,25.0,260.2,998.7,61.2,3.2,27.29,237.16403783783787,28.58,29.16,7.02,34.14,0.0,16.031965859030837,51.462506782419965,0.0,0.0,49.0
04-08-2017,34.8,27.0,30.5,25.1,264.8,997.7,59.2,3.5,42.65,237.16403783783787,29.66,33.74,7.71,33.24,0.0,16.031965859030837,51.462506782419965,0.0,0.0,50.0
05-08-2017,34.8,27.0,31.1,24.7,262.1,999.9,63.7,3.0,53.69,237.16403783783787,34.95,42.98,8.68,36.4,0.0,16.031965859030837,51.462506782419965,0.0,0.0,88.0
06-08-2017,36.0,29.0,31.8,25.8,306.8,1001.0,59.9,3.1,61.44,237.16403783783787,52.38,41.75,10.21,43.5,0.0,16.031965859030837,51.462506782419965,0.0,0.0,99.0
07-08-2017,33.8,26.0,29.7,26.8,95.2,1002.1,70.4,2.7,57.42,237.16403783783787,25.72,32.2,5.84,33.07,0.0,16.031965859030837,51.462506782419965,0.0,0.0,110.0
08-08-2017,34.9,27.1,30.2,26.9,65.2,1002.2,66.9,2.9,36.58,237.16403783783787,36.57,29.91,7.08,36.53,0.0,16.031965859030837,51.462506782419965,0.0,0.0,68.0
09-08-2017,32.0,27.2,29.1,27.2,298.3,1001.2,73.5,2.1,50.42,237.16403783783787,54.85,48.7,11.34,42.64,0.0,16.031965859030837,51.462506782419965,0.0,0.0,73.0
10-08-2017,34.0,28.0,30.9,26.8,266.4,999.7,63.8,3.0,48.6,237.16403783783787,38.47,64.0,10.31,31.22,0.0,16.031965859030837,51.462506782419965,0.0,0.0,95.0
11-08-2017,35.0,28.0,31.5,25.5,258.2,998.9,63.7,3.4,21.83,237.16403783783787,24.86,35.39,4.87,17.92,0.0,16.031965859030837,51.462506782419965,0.0,0.0,58.0
12-08-2017,35.0,28.0,31.2,24.7,255.4,998.9,54.2,3.5,,237.16403783783787,40.252696103896106,51.95376623376623,0.0,42.478415015641296,0.0,16.031965859030837,51.462506782419965,0.0,0.0,45.0
13-08-2017,34.1,27.0,30.9,24.6,248.7,1001.0,43.8,3.5,,237.16403783783787,40.252696103896106,51.95376623376623,0.0,42.478415015641296,0.0,16.031965859030837,51.462506782419965,0.0,0.0,262.0
14-08-2017,36.0,27.0,31.4,24.2,258.7,1004.2,55.9,3.9,26.54,237.16403783783787,27.43,88.07,6.42,34.8,0.0,16.031965859030837,51.462506782419965,0.0,0.0,262.0
15-08-2017,36.8,28.8,32.0,24.5,266.6,1003.0,47.5,3.8,30.12,237.16403783783787,13.21,49.91,6.85,18.69,0.0,16.031965859030837,51.462506782419965,0.0,0.0,59.0
16-08-2017,36.0,27.0,31.9,24.0,283.9,1000.9,36.9,3.6,35.23,237.16403783783787,15.5,64.66,7.81,23.94,0.0,16.031965859030837,51.462506782419965,0.0,0.0,53.0
17-08-2017,37.0,29.0,32.8,24.5,286.5,999.8,38.0,3.7,39.6,237.16403783783787,20.73,68.78,8.36,26.78,0.0,16.031965859030837,51.462506782419965,0.0,0.0,66.0
18-08-2017,37.2,29.0,33.1,24.7,314.1,1001.0,44.3,3.9,46.25,237.16403783783787,22.87,60.15,8.16,24.79,0.0,16.031965859030837,51.462506782419965,0.0,0.0,70.0
19-08-2017,31.0,26.8,28.5,26.3,105.1,1003.7,68.2,2.6,35.48,237.16403783783787,42.02,39.67,10.06,24.34,0.0,16.031965859030837,51.462506782419965,0.0,0.0,70.0
20-08-2017,35.6,27.0,31.0,26.0,100.9,1003.3,44.5,3.3,22.15,237.16403783783787,30.13,30.28,7.46,17.65,0.0,16.031965859030837,51.462506782419965,0.0,0.0,63.0
21-08-2017,35.0,28.0,31.5,26.3,101.5,1002.1,45.6,3.6,25.5,237.16403783783787,18.02,24.42,1.44,12.14,0.0,16.031965859030837,51.462506782419965,0.0,0.0,42.0
22-08-2017,34.0,29.0,30.9,26.6,107.4,1002.0,57.9,3.2,46.0,237.16403783783787,14.5,38.7,0.25,15.5,0.0,16.031965859030837,51.462506782419965,0.0,0.0,262.0
23-08-2017,33.2,26.3,28.8,26.5,118.8,1003.6,72.9,2.5,36.54,237.16403783783787,31.42,43.43,4.7,22.33,0.0,16.031965859030837,51.462506782419965,0.0,0.0,262.0
24-08-2017,34.0,25.4,29.7,25.6,113.9,1003.0,67.0,2.5,47.79,237.16403783783787,34.6,45.26,6.63,23.83,0.0,16.031965859030837,51.462506782419965,0.0,0.0,58.0
25-08-2017,34.8,26.0,29.9,26.2,87.8,1001.2,63.9,2.6,51.33,237.16403783783787,24.48,39.3,3.85,18.75,0.0,16.031965859030837,51.462506782419965,0.0,0.0,104.0
26-08-2017,32.4,25.6,28.3,25.6,64.9,1000.5,69.3,2.7,62.33,237.16403783783787,40.14,37.65,2.06,23.26,0.0,16.031965859030837,51.462506782419965,0.0,0.0,262.0
27-08-2017,35.2,25.0,29.5,24.8,69.0,1000.6,51.5,3.6,34.3,237.16403783783787,62.68,34.06,4.55,29.19,0.0,16.031965859030837,51.462506782419965,0.0,0.0,262.0
28-08-2017,34.3,27.0,29.6,25.3,85.2,1002.1,61.7,3.3,23.82,237.16403783783787,20.79,27.89,2.43,15.6,0.0,16.031965859030837,13.61,0.03,0.25,262.0
29-08-2017,34.8,27.0,30.1,25.5,87.0,1001.9,61.1,3.3,15.23,237.16403783783787,22.97,69.8,4.74,27.77,0.0,16.031965859030837,51.462506782419965,0.0,0.0,262.0
30-08-2017,34.8,26.0,30.4,26.0,98.6,1002.8,66.4,3.3,20.5,237.16403783783787,24.34,101.89,7.26,38.09,0.0,16.031965859030837,51.462506782419965,0.0,0.0,73.0
31-08-2017,31.8,25.7,27.5,26.1,110.7,1003.7,81.9,2.1,41.62,60.15,16.56,50.7,28.34,25.08,0.89,16.031965859030837,27.78,0.17,0.35,94.0
01-09-2017,31.0,26.0,27.8,25.3,241.6,1003.6,78.6,2.7,25.58,41.64,23.55,26.64,12.21,17.6,0.66,16.031965859030837,24.03,0.11,0.21,91.0
02-09-2017,30.8,26.3,27.9,24.5,260.0,1003.6,63.0,3.3,20.06,45.86,23.23,26.09,10.33,33.97,0.63,16.031965859030837,25.0,0.0,0.0,88.0
03-09-2017,34.0,25.0,29.7,24.7,283.9,1004.2,31.9,3.8,38.19,79.78,20.33,27.32,8.88,25.9,0.52,16.031965859030837,25.07,0.0,0.0,88.0
04-09-2017,35.0,27.0,30.6,25.4,284.8,1005.4,40.5,3.4,47.89,84.29,33.84,25.85,11.14,86.67,0.46,16.031965859030837,24.93,0.0,0.0,89.0
05-09-2017,34.8,25.0,29.6,24.3,282.9,1005.4,43.8,3.7,35.61,75.82,20.61,30.29,8.93,30.21,0.47,16.031965859030837,25.08,0.0,0.0,88.0
06-09-2017,35.6,26.0,30.2,23.7,266.0,1005.3,47.9,3.7,39.41,85.23,21.1,35.92,9.89,31.07,0.41,16.031965859030837,24.95,0.0,0.0,88.0
07-09-2017,33.0,24.0,28.5,24.4,12.0,1006.4,64.6,3.3,40.34,67.06,21.91,23.75,7.9,36.46,0.4,16.031965859030837,24.93,0.0,0.0,88.0
08-09-2017,35.0,27.0,30.6,24.7,324.2,1006.6,29.7,3.1,51.7,101.89,18.18,16.52,9.84,27.05,0.54,16.031965859030837,25.88,0.0,0.0,106.0
09-09-2017,35.0,27.0,30.7,24.6,330.1,1005.2,34.0,3.2,54.83,111.65,20.65,17.54,11.27,31.1,0.49,16.031965859030837,25.77,0.0,0.0,96.0
10-09-2017,36.8,27.4,31.9,24.2,337.5,1005.7,18.6,3.4,60.46,119.5,30.53,19.76,14.83,49.74,0.53,16.031965859030837,26.39,0.0,0.0,118.0
11-09-2017,35.8,28.0,31.4,24.0,333.8,1007.2,45.4,3.4,63.97,120.06,22.99,20.25,12.0,48.0,0.49,16.031965859030837,27.92,0.0,0.0,119.0
12-09-2017,35.2,26.0,30.8,23.6,281.2,1007.6,42.7,3.4,46.65,103.84,17.92,16.56,10.14,42.478415015641296,0.48,16.031965859030837,24.84,0.0,0.0,106.0
13-09-2017,36.2,27.2,31.8,24.4,291.4,1007.0,33.9,3.4,54.77,143.16,25.08,10.76,5.71,42.478415015641296,0.15,16.031965859030837,24.38,0.0,0.0,115.0
14-09-2017,35.0,28.2,31.6,25.0,298.1,1006.6,42.1,2.8,80.47,186.11,81.89,31.88,10.24,43.06,0.14,16.031965859030837,26.98,0.0,0.0,142.0
15-09-2017,36.0,27.7,31.8,22.9,351.6,1005.8,29.5,3.2,64.37,127.68,25.94,34.75,12.73,31.02,0.4,16.031965859030837,27.32,0.0,0.0,169.0
16-09-2017,31.2,27.4,29.5,23.7,323.9,1005.7,65.4,3.0,51.56,82.26,19.27,36.6,14.42,40.92,0.48,16.031965859030837,26.7,0.0,0.0,110.0
17-09-2017,34.8,25.0,29.7,23.0,305.3,1005.0,59.2,3.3,53.05,85.65,23.98,37.33,13.49,31.89,0.36,16.031965859030837,26.7,0.0,0.0,106.0
18-09-2017,36.0,24.0,30.1,22.5,303.8,1004.3,27.5,3.4,60.83,102.29,20.23,56.67,11.54,33.88,0.23,16.031965859030837,30.08,0.0,0.0,99.0
19-09-2017,36.0,26.0,31.1,21.9,340.3,1003.8,22.6,3.2,55.55,112.21,19.87,34.72,16.17,45.0,0.47,16.031965859030837,28.73,0.0,0.0,109.0
20-09-2017,37.2,25.5,30.9,21.4,346.0,1003.3,13.6,3.1,70.81,111.9,29.89,21.49,21.37,56.47,0.48,16.031965859030837,31.95,0.0,0.0,137.0
21-09-2017,34.8,25.4,29.9,23.7,117.5,1003.4,49.9,3.0,55.93,76.81,27.16,22.74,16.34,31.36,0.52,16.031965859030837,23.1,0.0,0.0,144.0
22-09-2017,28.0,24.2,26.1,24.0,63.8,1004.1,82.3,2.8,11.81,18.59,20.34,22.4,11.24,17.63,0.39,16.031965859030837,24.88,0.0,0.0,92.0
23-09-2017,26.0,24.0,24.6,23.6,339.9,1005.5,84.8,2.6,17.76,43.57,20.38,18.63,12.97,17.47,0.38,16.031965859030837,22.19,0.0,0.0,83.0
24-09-2017,31.0,23.0,26.4,23.3,313.5,1007.5,47.0,2.6,35.5,81.42,18.8,17.01,12.69,19.11,0.4,16.031965859030837,22.63,0.0,0.0,84.0
25-09-2017,34.8,23.0,29.1,23.3,289.1,1005.7,1.6,2.8,50.09,100.02,14.59,27.25,13.13,19.81,0.41,16.031965859030837,24.48,0.0,0.0,104.0
26-09-2017,35.0,25.7,30.0,23.6,311.5,1006.4,6.9,3.2,66.12,114.15,23.12,27.52,18.35,34.54,0.65,7.13,30.45,0.0,1.38,131.0
27-09-2017,36.2,24.4,29.9,21.9,308.8,1006.9,1.2,3.0,80.94,125.39,26.98,21.39,22.31,50.34,0.66,6.62,29.26,0.0,1.74,165.0
28-09-2017,37.0,25.1,30.4,21.8,321.4,1005.9,5.0,3.1,75.4,102.91,50.72,38.55,23.52,54.37,0.47,6.08,34.06,0.0,1.54,176.0
29-09-2017,36.0,24.0,30.1,22.0,301.1,1005.6,1.1,3.2,89.38,140.94,37.45,29.45,18.61,41.19,0.5,7.17,40.26,0.05,1.82,172.0
30-09-2017,36.0,23.0,29.7,20.3,297.6,1007.7,0.0,3.3,74.2,125.73,21.1,26.08,8.59,44.1,0.33,6.64,38.44,0.0,1.73,137.0
01-10-2017,36.0,22.7,29.1,18.1,304.1,1007.7,0.0,3.6,68.47,120.56,25.43,28.66,14.66,50.15,0.51,2.9,32.9,0.17,2.34,131.0
02-10-2017,36.0,22.4,29.2,17.3,294.6,1006.6,0.0,3.8,63.41,128.15,22.86,25.2,12.1,39.12,0.45,3.95,30.1,0.08,2.43,132.0
03-10-2017,36.0,22.0,28.7,19.2,319.6,1007.9,0.0,3.4,69.45,127.48,22.75,26.09,11.47,31.36,0.21,7.14,34.34,0.03,1.27,115.0
04-10-2017,36.0,23.2,29.1,19.8,326.0,1009.3,0.0,3.4,76.81,138.81,24.88,28.99,14.09,39.43,0.2,10.52,35.79,0.02,2.07,151.0
05-10-2017,37.0,24.1,30.0,19.2,335.6,1009.1,0.0,3.2,75.73,125.31,15.35,24.45,13.8,37.22,0.28,12.77,36.81,0.02,1.59,180.0
06-10-2017,35.4,23.7,30.0,17.2,329.8,1009.2,0.0,3.4,79.81,111.43,14.82,27.44,12.19,31.48,0.36,15.94,38.67,0.02,2.11,183.0
07-10-2017,35.8,22.0,28.8,18.5,319.5,1008.3,0.0,3.3,70.98,151.15,17.2,25.61,14.27,35.37,0.33,27.2,34.44,0.03,1.72,193.0
08-10-2017,34.2,23.0,28.5,20.1,349.4,1007.5,0.0,2.6,102.2,155.03,20.71,24.51,14.05,41.02,0.24,29.75,35.32,0.04,2.14,224.0
09-10-2017,36.0,22.8,28.7,19.6,94.6,1007.9,0.0,2.7,107.63,173.87,33.9,27.06,17.82,50.93,0.25,26.58,31.11,0.13,2.97,268.0
10-10-2017,35.2,23.1,28.6,19.9,83.4,1007.3,10.2,2.8,105.88,158.68,23.0,31.67,13.81,56.42,0.29,7.6,30.89,0.0,3.28,253.0
11-10-2017,35.0,23.1,28.8,19.9,55.6,1007.4,3.8,3.0,104.45,122.3,25.09,30.92,14.22,64.21,0.28,6.57,29.67,0.0,2.71,208.0
12-10-2017,35.0,23.0,28.5,19.8,301.8,1007.2,6.9,2.9,106.85,186.91,21.91,31.1,12.39,44.32,0.36,7.65,35.14,0.0,2.56,211.0
13-10-2017,35.2,22.5,28.2,18.7,303.4,1005.4,3.0,2.9,137.42,207.87,31.87,29.16,14.41,45.28,0.3,9.39,37.98,0.15,2.34,246.0
14-10-2017,36.2,22.2,28.1,18.0,321.9,1005.1,2.7,2.7,147.07,208.87,67.91,30.14,23.78,55.52,0.26,7.91,42.39,0.2,3.4,319.0
15-10-2017,36.0,20.6,27.9,16.6,302.5,1005.6,0.0,2.9,147.83,195.47,41.91,30.0,15.25,44.61,0.24,9.72,37.15,0.2,3.62,317.0
16-10-2017,35.1,19.5,27.1,16.2,327.5,1006.4,0.0,2.5,152.61,213.98,48.82,58.53,40.14,51.88,0.99,22.91,30.49,0.21,3.42,310.0
17-10-2017,35.0,19.4,26.7,16.0,322.1,1008.1,0.0,2.7,121.7,212.35,48.01,57.08,49.91,42.92,1.36,18.36,30.46,0.66,3.39,313.0
18-10-2017,34.3,20.2,27.0,16.4,327.3,1009.0,0.0,2.8,152.16,204.03,66.01,63.15,55.52,44.57,1.02,29.5,35.86,0.34,3.38,310.0
19-10-2017,36.0,19.0,27.1,18.3,0.3,1009.1,0.0,2.5,176.17,259.0,55.94,53.51,53.32,50.7,1.16,21.73,36.35,0.65,4.52,336.0
20-10-2017,35.2,21.0,27.5,18.4,330.7,1008.5,0.0,1.8,426.52,387.13,56.28,54.76,47.28,48.79,1.02,32.82,41.14,1.46,5.54,497.0
21-10-2017,34.2,19.5,26.3,16.7,341.1,1007.3,0.0,1.9,213.12,317.52,42.71,50.13,49.3,50.8,1.37,18.73,34.52,0.34,4.02,404.0
22-10-2017,36.0,19.0,26.5,16.4,77.2,1006.2,0.0,2.4,146.01,201.91,54.57,55.88,31.89,45.72,0.89,18.99,34.88,0.48,4.04,338.0
23-10-2017,35.2,18.0,26.8,15.0,33.8,1008.3,2.1,2.6,163.08,242.73,89.4,64.25,63.05,48.44,1.42,29.47,52.91,0.45,4.65,327.0
24-10-2017,33.0,19.0,25.8,13.7,305.7,1011.4,0.0,2.1,185.06,331.64,72.71,81.33,87.22,53.82,1.49,24.5,86.13,0.54,5.47,365.0
25-10-2017,32.8,18.3,24.6,13.4,291.8,1014.0,0.0,2.1,194.35,326.46,56.81,80.62,57.55,55.14,0.95,26.12,106.16,0.49,5.08,354.0
26-10-2017,33.1,17.6,24.9,14.7,128.8,1014.4,0.6,2.3,172.51,290.41,56.9,90.56,63.21,61.45,1.1,26.27,99.71,0.81,4.28,327.0
27-10-2017,33.0,18.0,24.7,15.7,130.5,1013.6,2.9,2.5,164.45,293.68,26.14,65.44,52.4,48.68,0.95,22.81,82.93,0.95,4.94,344.0
28-10-2017,32.5,18.1,24.6,15.0,73.5,1013.2,2.8,2.4,192.63,329.05,35.39,84.45,60.5,51.2,0.87,31.5,110.71,0.96,7.47,378.0
29-10-2017,32.0,18.5,24.5,15.4,94.2,1015.3,0.0,2.3,184.82,300.92,28.91,60.61,57.94,50.6,1.14,27.54,83.99,1.17,6.8,360.0
30-10-2017,31.0,18.0,24.1,16.6,343.1,1015.6,0.0,1.8,191.15,308.22,41.29,69.51,64.94,52.67,1.45,25.07,88.38,2.15,5.67,339.0
31-10-2017,31.0,17.7,23.6,16.2,151.7,1013.5,0.0,1.6,209.46,323.45,65.55,53.08,75.68,64.28,1.83,19.74,65.34,2.83,11.75,363.0
01-11-2017,32.0,18.7,24.2,16.2,132.1,1014.4,0.1,1.7,177.78,265.9,29.65,46.83,43.9,47.36,1.12,16.44,56.79,1.13,6.36,342.0
02-11-2017,30.1,19.9,24.1,18.0,95.6,1013.4,0.0,1.7,159.6,227.41,26.09,47.7,56.86,49.88,1.41,18.63,61.91,2.31,9.71,304.0
03-11-2017,31.0,18.3,23.9,18.3,95.4,1013.6,0.1,1.4,167.09,239.73,45.29,46.49,60.96,53.2,1.33,16.83,62.16,2.3,6.06,309.0
04-11-2017,30.0,17.0,23.5,18.0,129.4,1015.8,0.0,1.6,187.66,292.7,45.11,47.28,74.75,52.75,1.85,20.05,73.16,3.04,5.21,344.0
05-11-2017,30.0,17.6,23.5,16.9,244.9,1015.8,0.0,1.6,206.22,334.64,65.25,60.56,97.76,61.8,2.37,20.31,86.74,5.75,12.85,368.0
06-11-2017,30.0,17.8,23.2,15.7,280.8,1015.0,0.0,1.8,212.5,330.27,64.5,57.27,96.0,65.81,1.94,19.78,72.82,4.49,14.37,375.0
07-11-2017,30.0,17.0,22.6,15.9,288.8,1014.6,0.0,0.7,507.1,654.68,51.67,65.17,103.77,91.87,2.39,15.16,56.06,4.84,26.96,530.0
08-11-2017,28.0,13.0,20.1,15.8,344.6,1014.6,0.5,0.4,629.63,796.88,55.83,77.51,104.65,82.96,2.73,20.46,55.51,7.44,25.53,675.0
09-11-2017,30.1,14.7,21.4,13.2,337.2,1013.5,22.4,0.6,487.24,652.21,54.71,81.67,104.52,74.84,2.37,15.85,86.62,5.96,25.25,677.0
10-11-2017,29.0,14.0,21.2,14.0,336.3,1014.1,0.0,0.9,362.77,496.48,55.07,80.73,109.98,84.1,2.45,17.28,104.94,6.73,28.06,593.0
11-11-2017,28.1,14.3,21.0,13.5,14.8,1015.1,0.0,1.1,357.8,511.44,78.16,78.61,117.92,90.64,2.32,18.31,95.54,7.82,32.33,465.0
12-11-2017,28.0,14.0,20.2,13.9,320.0,1012.8,0.0,0.7,455.63,622.4,66.78,70.1,104.82,73.63,2.46,12.83,88.03,7.24,28.2,609.0
13-11-2017,28.4,13.6,20.2,14.1,115.1,1011.3,9.1,0.9,346.77,498.63,65.36,65.77,105.48,73.85,2.37,14.57,94.42,4.99,18.48,556.0
14-11-2017,27.5,16.0,21.1,14.1,128.5,1011.1,0.1,1.1,251.08,365.91,34.12,56.46,75.36,55.71,1.76,13.96,69.5,4.53,11.39,436.0
15-11-2017,27.0,14.9,20.7,12.6,114.2,1012.6,8.4,1.6,189.74,279.26,36.7,57.85,79.14,48.83,1.65,19.17,60.28,4.48,13.31,375.0
16-11-2017,26.0,14.0,19.8,13.0,23.9,1014.2,1.3,1.6,189.4,278.95,38.61,53.86,82.34,50.06,1.56,23.16,62.01,3.94,12.03,355.0
17-11-2017,25.7,14.8,19.8,12.9,314.1,1014.8,50.3,2.0,149.3,220.08,32.01,47.38,70.95,45.56,1.51,17.67,47.92,3.01,8.48,329.0
18-11-2017,25.0,15.0,20.1,13.8,283.9,1015.1,60.5,1.8,142.87,202.59,20.23,43.91,50.62,38.55,1.16,15.0,37.68,2.26,5.38,309.0
19-11-2017,24.1,14.0,19.1,8.7,304.7,1016.3,27.9,2.5,127.27,190.51,19.58,45.6,55.24,34.83,1.2,16.33,47.8,2.04,5.24,297.0
20-11-2017,23.1,10.0,17.0,6.5,293.1,1017.3,0.1,2.4,169.41,249.28,24.44,52.73,64.19,36.28,1.3,14.58,54.08,2.37,6.34,328.0
21-11-2017,24.0,9.0,16.2,6.4,281.1,1015.3,0.0,2.5,175.05,253.38,32.84,54.75,75.18,40.58,1.51,15.34,57.13,4.48,10.71,340.0
22-11-2017,25.0,9.0,16.8,5.2,278.4,1014.5,0.0,2.7,174.88,258.11,30.75,54.64,74.09,40.37,1.5,18.52,57.6,5.07,11.65,346.0
23-11-2017,25.3,10.0,16.6,5.7,283.9,1013.7,3.5,2.5,174.21,251.23,34.73,55.04,70.15,40.03,1.53,18.62,54.34,4.61,11.97,339.0
24-11-2017,25.8,9.5,17.1,5.0,272.7,1015.2,0.0,2.4,184.87,256.92,44.24,64.15,82.97,44.62,1.63,19.69,54.02,5.39,13.88,347.0
25-11-2017,26.1,10.4,17.7,5.5,271.8,1015.9,0.0,2.3,183.3,268.09,45.12,76.48,88.0,47.81,1.72,18.83,48.1,5.4,15.24,345.0
26-11-2017,27.0,10.2,17.9,6.7,286.9,1017.2,0.0,2.1,223.11,338.82,77.85,67.6,101.44,63.81,1.95,19.77,44.82,22.46,17.26,364.0
27-11-2017,25.2,10.6,17.4,7.1,276.9,1014.5,0.0,2.0,196.22,328.09,45.64,68.93,87.3,52.5,1.62,19.03,41.09,4.34,13.04,380.0
28-11-2017,27.0,10.0,18.3,6.7,271.2,1013.5,0.0,2.2,167.2,290.47,61.44,62.53,93.71,60.94,1.72,19.74,34.78,17.4,19.68,360.0
29-11-2017,28.0,10.7,19.1,7.4,90.7,1015.5,0.0,2.9,213.76,327.64,109.88,75.37,132.94,83.31,2.27,20.35,40.91,6.53,28.86,356.0
30-11-2017,27.0,11.0,18.6,8.8,313.1,1015.9,0.0,2.0,219.84,344.17,71.11,57.73,108.26,77.53,2.08,16.92,44.4,7.07,23.32,387.0
01-12-2017,25.1,9.8,16.8,7.2,287.5,1015.6,0.0,2.1,190.45,309.07,61.21,56.83,94.55,65.47,1.78,17.54,31.62,6.4,20.7,377.0
02-12-2017,25.1,9.1,16.5,6.1,287.4,1016.7,5.1,2.1,208.87,324.46,80.33,65.66,102.69,92.4,2.06,20.63,36.62,8.11,25.81,356.0
03-12-2017,23.6,9.8,16.2,7.0,345.8,1016.5,27.2,1.8,240.87,359.22,67.41,65.83,99.76,85.25,2.21,20.18,37.61,7.88,26.32,384.0
04-12-2017,23.0,10.3,16.6,8.5,295.1,1015.2,51.8,1.6,261.82,390.1,74.66,65.49,101.07,90.28,2.38,20.18,32.64,7.28,23.27,415.0
05-12-2017,23.3,14.2,18.6,10.3,288.2,1015.2,60.6,1.3,228.57,358.86,61.13,64.61,104.85,71.16,2.4,18.59,50.69,5.4,15.21,403.0
06-12-2017,24.0,13.7,18.2,7.1,295.9,1014.4,49.5,2.5,118.01,210.21,23.19,51.02,68.08,45.92,1.55,21.93,43.68,2.93,8.36,325.0
07-12-2017,24.8,13.6,18.2,4.5,289.7,1015.4,23.3,3.1,88.15,170.12,24.67,45.83,39.33,36.04,1.49,18.63,41.43,2.59,7.35,214.0
08-12-2017,24.1,10.0,16.7,3.7,271.4,1015.6,0.0,2.5,113.62,204.38,23.86,53.85,3.63,41.49,1.55,22.15,50.26,3.15,7.98,220.0
09-12-2017,26.4,9.8,17.1,5.4,267.1,1015.3,1.1,2.5,161.47,268.35,60.14,70.14,9.06,57.73,1.71,24.36,68.58,7.89,17.98,312.0
10-12-2017,27.0,9.5,17.1,6.6,290.9,1015.3,0.0,2.2,224.82,341.87,102.0,83.94,16.38,77.11,2.05,27.15,90.07,9.56,29.86,385.0
11-12-2017,24.1,9.6,16.8,9.3,118.4,1014.0,43.1,2.0,211.4,338.45,97.35,71.25,13.13,86.87,2.25,26.03,66.07,5.58,19.42,405.0
12-12-2017,19.9,14.8,16.2,14.1,263.4,1015.3,60.0,1.4,106.91,152.76,22.41,45.94,3.04,50.54,1.51,12.93,38.75,1.97,6.88,274.0
13-12-2017,19.7,11.0,14.9,12.5,274.0,1018.1,12.5,0.8,131.53,203.48,20.14,40.27,2.59,48.27,1.35,11.62,46.28,2.52,6.59,261.0
14-12-2017,18.0,10.8,13.5,10.5,297.5,1019.7,23.6,1.1,124.96,189.9,19.4,36.59,2.33,46.26,1.31,12.08,42.19,2.19,5.87,274.0
15-12-2017,19.0,8.0,12.4,8.4,299.8,1020.8,10.2,1.3,126.16,194.15,20.33,34.73,3.26,42.56,1.18,10.25,38.04,1.85,4.83,286.0
16-12-2017,19.7,8.0,12.4,7.4,279.2,1021.6,4.9,1.4,100.72,152.72,17.77,29.84,2.87,39.74,1.05,4.73,23.98,1.82,2.85,227.0
17-12-2017,22.5,7.0,13.9,5.3,269.0,1021.3,0.0,2.6,94.28,163.65,17.4,37.37,2.44,35.36,1.2,12.88,36.4,1.83,3.48,195.0
18-12-2017,24.4,8.0,15.3,6.1,269.3,1020.0,5.2,2.4,112.65,189.64,20.4,45.8,2.15,45.71,1.28,17.47,45.37,2.46,6.42,223.0
19-12-2017,23.0,9.0,15.1,7.2,270.2,1019.6,36.3,1.8,165.58,257.19,35.44,54.84,4.37,56.27,1.46,23.82,49.68,3.87,10.74,291.0
20-12-2017,21.0,11.0,16.0,10.9,281.1,1020.6,46.8,1.2,277.42,410.74,44.05,66.41,5.96,78.25,1.66,26.76,67.35,4.59,14.07,374.0
21-12-2017,24.7,12.0,17.3,11.9,273.8,1020.8,36.8,1.0,288.71,435.23,32.3,61.63,3.57,72.97,1.45,24.32,66.06,3.98,10.87,462.0
22-12-2017,25.0,10.0,16.3,9.0,270.8,1018.7,23.7,1.7,154.86,241.38,22.11,50.73,2.69,55.36,1.16,21.64,48.84,2.8,7.93,365.0
23-12-2017,24.0,9.0,15.7,7.6,265.8,1015.3,6.2,1.9,116.38,181.59,31.51,50.97,3.61,51.89,1.38,20.26,43.85,3.93,9.81,248.0
24-12-2017,24.0,8.6,15.7,7.1,272.7,1015.6,7.1,2.2,199.52,301.71,79.8,66.65,9.75,73.83,1.72,24.17,59.85,6.72,14.99,307.0
25-12-2017,22.3,8.7,14.7,9.0,272.0,1017.3,0.0,1.3,254.5,368.35,61.55,58.92,7.06,68.61,1.61,25.0,56.1,5.27,15.78,395.0
26-12-2017,23.0,8.4,14.6,9.1,266.4,1017.8,2.3,1.5,223.51,326.11,46.41,57.6,6.18,62.83,1.46,23.7,38.93,5.34,12.99,372.0
27-12-2017,25.0,8.9,15.6,8.5,265.9,1017.0,10.3,1.9,220.09,317.87,58.71,65.61,9.76,71.71,1.6,24.02,58.98,5.96,18.27,376.0
28-12-2017,24.8,9.0,16.1,8.2,308.7,1016.8,0.2,1.6,245.16,362.39,80.57,70.25,11.62,79.07,1.82,26.91,66.0,6.2,23.66,397.0
29-12-2017,24.4,8.5,15.4,8.5,275.0,1017.3,0.0,1.2,224.09,347.63,70.6,59.7,10.69,68.22,1.67,26.41,61.36,5.19,19.38,397.0
30-12-2017,22.1,7.6,14.5,9.1,292.5,1017.4,0.0,1.2,269.56,401.15,69.31,60.4,15.32,75.04,1.89,21.64,61.73,6.68,25.19,418.0
31-12-2017,22.3,8.0,13.3,8.3,276.5,1016.0,15.6,0.9,299.56,445.58,83.77,66.97,23.13,83.55,1.92,18.39,76.45,6.85,21.12,444.0
01-01-2018,20.0,6.0,12.5,9.0,296.6,1014.3,14.0,0.7,295.33,415.09,62.76,63.92,11.79,73.16,1.94,19.49,68.75,5.39,14.77,455.0
02-01-2018,17.4,8.0,11.8,9.2,287.8,1014.8,0.0,0.6,272.52,422.59,31.26,53.73,4.26,55.61,1.64,12.3,68.68,3.96,9.71,433.0
03-01-2018,17.2,8.0,11.1,8.8,270.8,1015.4,14.0,0.6,213.08,336.87,37.98,52.24,2.87,50.81,1.4,10.58,54.94,3.02,6.6,401.0
04-01-2018,20.2,5.0,10.9,8.3,120.0,1015.5,44.2,0.5,241.5,377.61,35.56,61.57,4.24,55.17,1.46,15.24,66.31,3.66,8.2,392.0
05-01-2018,19.0,7.4,11.7,8.0,112.3,1015.0,3.8,0.9,237.71,360.99,38.73,54.8,4.57,51.36,1.49,13.44,48.57,3.54,8.14,394.0
06-01-2018,19.0,5.0,11.2,7.3,277.5,1014.1,4.9,0.7,251.57,378.9,65.27,59.12,8.53,63.78,1.72,19.01,39.65,5.54,13.64,403.0
07-01-2018,20.1,6.0,12.1,6.8,270.5,1014.9,8.3,1.5,186.98,292.74,26.49,47.02,4.99,50.09,1.39,17.21,57.39,3.12,6.5,380.0
08-01-2018,20.5,6.0,12.3,6.2,265.6,1016.8,0.0,1.4,150.52,259.13,37.51,51.6,5.28,47.52,1.43,17.45,54.55,3.24,7.87,313.0
09-01-2018,21.2,6.1,12.6,7.1,274.5,1018.8,0.0,1.4,228.02,355.21,62.59,66.19,10.36,58.65,1.6,22.59,66.79,5.37,13.99,370.0
10-01-2018,22.8,7.0,13.8,7.1,269.7,1018.4,0.0,1.6,183.25,294.24,34.44,60.21,3.98,48.38,1.39,20.5,58.51,3.24,7.3,362.0
11-01-2018,22.3,7.0,13.8,6.9,270.7,1016.9,0.0,1.8,153.68,243.95,30.06,63.57,3.47,47.42,1.5,18.01,56.22,3.28,6.83,318.0
12-01-2018,23.0,8.0,14.6,6.9,267.3,1015.8,20.9,1.9,166.6,281.06,40.02,65.3,3.73,55.07,1.56,24.4,62.37,4.28,11.32,305.0
13-01-2018,23.0,7.4,14.3,6.8,289.2,1016.1,1.1,1.8,230.02,355.43,68.69,61.28,3.2,75.88,2.09,25.01,75.14,7.79,21.81,370.0
14-01-2018,23.7,7.5,14.3,6.2,267.1,1016.0,0.0,2.0,185.58,308.74,36.32,54.37,1.87,55.35,1.71,23.17,64.8,4.28,10.03,363.0
15-01-2018,22.9,7.0,13.9,7.7,279.7,1016.1,0.0,1.6,172.64,309.85,32.47,52.51,2.15,54.6,1.44,20.51,59.73,3.15,7.7,349.0
16-01-2018,24.2,8.0,15.2,6.1,275.3,1013.6,0.0,2.2,132.08,231.04,31.78,46.86,3.92,43.23,1.36,19.26,54.0,3.05,9.36,277.0
17-01-2018,22.1,7.6,14.4,8.4,113.4,1014.6,0.0,1.4,233.31,353.55,44.3,47.86,34.61,52.37,1.65,15.15,64.1,4.08,12.58,348.0
18-01-2018,26.6,9.0,16.7,10.8,272.3,1015.1,0.0,1.1,272.39,428.08,48.32,55.08,85.75,59.73,2.0,22.02,72.89,5.07,14.81,408.0
19-01-2018,23.8,6.0,15.1,11.0,276.4,1016.0,4.9,0.8,247.18,398.16,41.26,49.45,81.11,63.31,1.79,23.43,73.6,5.37,16.52,446.0
20-01-2018,22.3,8.0,13.9,8.3,273.9,1015.1,14.0,1.2,150.3,252.92,21.5,38.87,53.34,66.51,1.32,13.57,43.18,2.03,4.43,347.0
21-01-2018,24.6,5.0,14.3,6.1,279.6,1014.4,0.2,2.4,152.72,274.5,33.93,44.09,63.87,63.25,1.48,16.87,41.49,2.44,7.02,310.0
22-01-2018,24.6,7.5,15.4,8.1,134.7,1013.0,0.0,1.5,199.07,352.68,54.86,56.45,72.5,63.15,1.92,22.47,68.33,3.67,10.9,360.0
23-01-2018,17.0,10.5,13.5,10.6,103.5,1010.7,65.9,1.3,158.73,248.48,25.98,47.26,67.65,51.07,1.48,14.48,48.67,2.6,6.67,340.0
24-01-2018,17.5,9.8,12.6,10.7,268.7,1013.5,20.9,0.8,128.05,192.19,25.05,35.33,56.27,43.08,1.35,12.13,42.04,2.09,6.23,285.0
25-01-2018,17.3,9.0,11.8,10.6,262.2,1013.1,41.5,0.5,108.57,167.31,24.28,40.13,48.6,40.74,1.4,6.91,43.99,2.12,3.87,265.0
26-01-2018,17.6,9.0,11.7,10.0,297.4,1013.7,38.3,0.5,125.59,207.66,28.91,38.17,57.6,44.28,1.46,8.29,44.09,2.26,3.7,262.0
27-01-2018,19.6,8.9,12.6,9.1,298.6,1013.9,9.3,1.0,151.72,271.1,34.29,45.14,60.99,46.22,1.39,7.87,56.12,2.32,4.87,283.0
28-01-2018,21.4,7.0,13.0,8.3,286.5,1014.6,26.0,1.0,148.29,248.26,41.85,47.6,73.57,45.66,1.87,10.64,54.01,2.28,4.36,332.0
29-01-2018,23.0,7.0,13.8,8.3,289.9,1016.1,9.1,1.4,158.61,272.45,45.81,54.51,74.45,44.78,2.0,13.09,60.56,2.36,5.5,330.0
30-01-2018,26.3,9.0,16.9,8.9,279.6,1015.5,8.2,2.0,124.3,212.59,23.71,47.59,51.3,38.68,2.09,14.65,56.85,1.8,4.26,300.0
31-01-2018,24.5,10.6,16.9,10.7,270.4,1014.4,26.4,2.0,122.0,205.56,22.07,45.46,48.06,39.32,2.65,11.59,53.7,1.79,3.78,271.0
01-02-2018,27.1,11.0,18.4,10.2,279.4,1014.4,6.2,2.3,154.15,298.58,38.37,63.88,67.65,46.95,1.64,19.01,60.7,2.21,5.48,293.0
02-02-2018,25.9,11.0,17.9,11.4,287.3,1012.7,2.5,2.0,140.09,282.16,34.69,54.28,71.59,52.36,1.49,12.19,52.12,1.73,5.93,317.0
03-02-2018,24.2,11.0,16.9,7.5,301.0,1015.2,11.5,2.4,114.93,239.61,27.97,51.46,64.81,46.26,1.3,13.86,52.29,1.24,4.57,277.0
04-02-2018,23.4,8.0,15.1,6.2,287.2,1015.8,0.0,2.4,133.65,252.13,22.5,46.74,56.52,45.13,1.32,13.08,52.23,1.35,3.23,284.0
05-02-2018,21.5,8.0,14.8,4.8,282.4,1017.9,46.4,1.7,163.3,308.37,42.64,63.42,78.45,45.41,1.35,14.63,43.11,1.92,4.47,313.0
06-02-2018,22.1,11.0,16.1,6.0,305.3,1017.9,76.7,2.2,143.29,274.72,28.45,56.51,67.62,44.96,1.22,14.72,41.11,1.74,4.88,324.0
07-02-2018,23.6,7.0,15.0,5.5,278.6,1014.8,17.2,2.3,131.43,246.92,26.04,54.53,55.33,43.31,1.2,14.4,49.34,1.67,3.92,287.0
08-02-2018,23.0,6.7,14.7,5.8,297.8,1013.9,15.2,2.0,185.67,338.61,66.23,74.83,86.77,47.89,1.77,13.61,45.91,3.28,6.09,334.0
09-02-2018,24.0,8.0,15.4,6.3,292.2,1013.9,1.1,2.0,203.35,348.94,56.38,74.5,84.22,49.6,1.72,14.11,49.11,3.38,6.44,374.0
10-02-2018,25.0,8.0,16.3,5.4,15.9,1016.1,20.9,2.2,209.28,373.06,71.59,99.06,86.85,47.52,2.56,13.46,53.31,6.77,11.0,377.0
11-02-2018,25.0,10.2,18.1,6.0,130.6,1015.5,59.3,2.4,148.23,300.96,57.19,62.4,82.24,51.43,1.58,14.35,43.54,3.51,5.29,350.0
12-02-2018,21.0,13.8,16.5,11.1,114.1,1017.6,60.0,3.0,72.51,153.11,16.51,33.08,42.62,46.64,0.98,8.63,37.47,0.82,2.11,218.0
13-02-2018,23.1,10.7,16.6,12.0,306.5,1022.1,6.4,2.9,103.81,170.12,37.45,46.48,72.84,50.89,1.22,10.42,38.83,1.77,4.16,189.0
14-02-2018,22.6,8.0,15.8,8.5,286.8,1022.1,10.0,2.6,76.87,149.43,16.31,34.92,44.75,40.88,0.97,9.11,38.43,1.05,2.66,216.0
15-02-2018,24.0,10.0,16.8,10.2,280.3,1019.8,22.0,2.5,94.73,173.59,16.78,38.54,47.11,44.48,1.04,11.59,40.95,1.17,2.82,189.0
16-02-2018,24.2,9.0,17.5,11.8,280.2,1018.2,0.0,2.3,122.8,219.11,24.78,48.33,60.03,49.81,1.23,12.67,38.4,1.54,3.48,248.0
17-02-2018,26.0,12.0,18.4,11.7,278.0,1013.2,4.9,2.4,127.1,244.27,24.55,49.9,60.9,49.73,1.29,14.98,44.13,1.75,3.91,277.0
18-02-2018,25.6,12.0,18.3,9.7,286.7,1012.3,4.0,2.4,126.68,234.67,35.15,50.94,67.43,45.32,1.38,12.13,45.75,2.15,3.78,284.0
19-02-2018,27.0,11.0,18.6,8.8,270.6,1013.8,30.3,2.7,171.57,315.75,68.88,71.76,88.37,46.22,1.97,15.21,49.74,3.05,5.52,320.0
20-02-2018,28.1,11.8,19.7,10.3,286.3,1013.3,9.9,2.5,166.75,317.53,56.44,68.29,87.59,49.25,1.91,14.41,51.27,3.37,5.42,335.0
21-02-2018,31.1,14.1,22.5,11.2,283.0,1011.0,20.7,2.8,173.0,346.46,72.82,92.54,94.31,49.47,2.45,13.95,57.47,5.2,8.8,347.0
22-02-2018,31.6,15.3,22.9,13.6,306.0,1010.2,17.7,2.3,158.92,313.47,59.65,66.4,90.58,55.72,1.81,15.92,47.69,4.04,8.11,333.0
23-02-2018,31.0,16.8,23.9,14.1,347.9,1010.3,31.5,2.6,164.15,333.99,59.63,70.77,92.54,59.64,1.82,16.16,48.62,3.89,9.53,331.0
24-02-2018,31.2,18.2,24.7,15.2,112.1,1012.1,51.6,2.6,164.23,349.29,47.09,62.66,80.95,62.61,1.54,15.12,55.26,2.85,5.82,347.0
25-02-2018,28.1,18.5,23.1,14.5,305.1,1015.5,25.4,2.6,106.51,222.46,25.0,42.88,59.15,50.57,1.02,14.16,43.87,2.06,3.94,317.0
26-02-2018,27.6,14.0,20.8,13.4,283.7,1013.6,0.3,2.9,67.47,156.72,14.44,33.59,43.27,41.83,0.89,9.69,43.19,1.1,2.1,170.0
27-02-2018,30.0,15.0,22.5,14.8,281.0,1013.0,10.1,2.7,85.4,178.51,24.54,43.12,56.44,43.85,1.17,10.65,40.51,1.94,3.03,167.0
28-02-2018,30.1,16.8,23.2,15.9,295.0,1013.1,23.2,2.4,142.5,279.26,42.48,52.5,78.41,53.64,1.5,14.37,46.16,2.46,6.26,274.0
01-03-2018,29.5,16.2,22.9,13.7,313.0,1011.5,33.4,2.5,120.74,256.86,45.93,51.74,79.9,49.29,1.44,14.81,40.69,2.24,5.76,293.0
02-03-2018,31.0,16.5,23.5,13.6,303.3,1009.9,12.0,2.7,139.12,253.32,46.05,50.64,78.23,48.86,1.66,11.43,45.55,2.98,4.5,300.0
03-03-2018,33.0,17.0,24.5,13.7,294.1,1007.7,26.5,2.8,97.67,205.92,26.84,41.07,59.03,44.26,1.2,12.9,38.38,1.83,3.67,244.0
04-03-2018,29.9,18.3,23.1,12.7,300.7,1009.2,47.9,3.0,79.97,182.26,25.27,39.02,56.08,39.35,1.01,12.93,34.95,1.64,2.92,205.0
05-03-2018,28.7,15.0,21.9,12.1,291.0,1013.0,3.9,3.0,76.7,164.74,24.87,39.58,56.62,38.32,1.0,12.65,40.45,1.37,2.92,180.0
06-03-2018,29.0,14.0,21.0,11.6,277.3,1013.9,8.8,2.8,75.05,163.52,15.1,37.92,44.67,34.56,0.95,12.93,44.99,1.26,2.83,170.0
07-03-2018,29.5,14.0,21.6,11.3,282.3,1012.8,0.4,2.9,87.51,178.53,25.71,45.6,54.4,36.46,1.13,13.2,45.24,1.67,3.57,192.0
08-03-2018,32.0,15.0,23.5,11.8,262.3,1013.6,2.6,2.9,139.69,283.57,60.76,79.5,82.26,43.35,1.86,16.75,57.76,6.69,7.04,262.0
09-03-2018,32.0,16.1,24.3,12.6,307.3,1013.7,0.0,3.2,134.77,274.89,45.51,65.86,75.45,46.02,1.66,18.68,52.43,4.46,6.65,316.0
10-03-2018,32.0,15.0,24.1,12.0,288.0,1012.7,6.1,3.4,75.58,171.69,16.27,39.85,47.05,39.35,0.97,14.95,41.74,1.34,4.0,207.0
11-03-2018,32.0,16.0,23.9,13.1,276.3,1011.9,0.0,2.8,88.02,183.74,23.14,41.81,55.86,39.62,1.09,15.52,46.28,1.22,3.12,179.0
12-03-2018,34.2,17.0,25.0,12.4,277.2,1011.6,0.0,3.1,105.03,223.67,28.38,45.32,65.27,42.8,1.2,17.6,44.49,1.21,3.51,236.0
13-03-2018,36.1,16.0,26.5,11.0,260.9,1010.0,0.0,3.2,109.13,245.66,41.54,56.5,73.67,42.23,1.56,17.34,43.79,1.81,4.78,241.0
14-03-2018,34.0,19.4,26.7,9.3,245.2,1008.1,12.3,3.7,117.52,328.98,60.02,64.82,87.49,40.47,1.66,17.38,48.03,2.85,5.34,287.0
15-03-2018,32.0,19.0,25.6,11.8,294.6,1008.4,25.5,3.2,109.78,314.72,36.34,48.86,66.89,43.23,1.24,16.31,37.77,3.59,5.3,314.0
16-03-2018,31.1,18.0,24.6,12.6,299.8,1009.7,29.1,3.0,111.67,256.67,27.56,41.48,62.19,42.2,1.11,16.64,43.04,4.23,4.59,269.0
17-03-2018,31.0,16.0,23.6,9.7,293.1,1011.0,0.0,3.7,81.58,170.16,21.81,32.61,44.69,33.72,1.12,13.41,37.89,1.71,2.68,218.0
18-03-2018,32.0,15.5,24.3,9.0,292.7,1012.2,1.7,3.6,82.17,173.07,18.88,31.72,41.03,30.32,1.26,16.86,45.83,0.77,2.17,177.0
19-03-2018,34.3,16.8,25.7,10.2,274.7,1013.6,19.4,3.1,82.07,197.13,28.38,43.85,62.83,37.7,1.12,16.76,44.89,1.03,4.02,177.0
20-03-2018,35.1,18.0,26.9,10.9,270.5,1010.6,18.9,3.1,110.18,249.2,44.27,55.71,82.08,44.26,1.43,20.32,51.95,3.2,7.16,224.0
21-03-2018,32.6,22.3,26.5,14.0,305.4,1008.3,49.5,3.3,133.88,280.94,30.35,45.33,66.03,49.85,1.36,23.94,52.82,4.01,5.93,301.0
22-03-2018,31.0,17.0,24.5,14.8,299.3,1009.3,26.9,3.0,83.74,176.02,13.53,33.49,41.53,42.95,1.0,16.91,45.99,1.91,3.93,225.0
23-03-2018,30.0,17.0,24.0,13.5,284.4,1010.6,6.6,2.9,64.4,151.45,14.86,34.53,42.49,34.91,0.9,12.83,46.6,1.57,3.61,171.0
24-03-2018,33.0,18.0,25.4,13.3,284.5,1013.0,0.0,3.2,78.43,186.62,15.2,37.32,44.39,35.84,0.93,14.73,50.02,2.38,3.53,183.0
25-03-2018,33.0,18.0,25.6,13.2,279.7,1014.2,0.0,2.9,85.37,190.95,11.77,34.66,41.31,37.35,0.97,15.99,54.47,1.71,2.91,202.0
26-03-2018,34.1,18.0,26.5,12.4,283.9,1012.6,0.0,3.0,86.07,198.67,19.04,41.2,51.42,36.49,1.07,16.64,52.72,2.61,3.4,203.0
27-03-2018,38.0,18.5,28.1,9.7,295.9,1009.1,0.0,3.4,111.0,256.4,42.38,60.75,76.0,37.92,1.54,18.68,49.55,4.44,5.92,246.0
28-03-2018,39.0,18.9,29.3,9.7,285.5,1008.3,0.0,3.1,118.44,276.82,55.87,71.04,79.52,37.48,1.76,16.17,57.85,6.2,7.37,293.0
29-03-2018,37.0,19.0,28.6,11.4,290.5,1007.7,4.9,3.3,96.18,213.04,17.1,41.56,49.23,37.18,1.02,16.63,57.43,2.72,3.78,237.0
30-03-2018,37.0,22.1,28.8,11.0,276.4,1005.4,5.5,3.7,96.59,236.75,21.45,45.84,58.22,37.57,1.13,16.07,58.75,3.13,5.64,234.0
31-03-2018,33.1,21.0,26.8,13.8,89.5,1007.8,0.0,3.4,101.8,288.62,25.6,44.76,57.92,42.4,1.18,16.72,67.56,2.99,5.24,261.0
01-04-2018,35.0,22.6,28.4,14.8,107.8,1009.5,0.0,3.4,75.45,196.05,15.98,37.97,46.42,37.86,1.02,14.65,68.76,3.12,3.11,214.0
02-04-2018,37.0,22.6,29.3,15.0,109.4,1009.7,5.2,3.6,97.08,237.42,26.07,48.52,64.03,43.29,1.23,16.74,64.33,3.38,4.77,215.0
03-04-2018,40.0,22.7,31.2,15.8,121.3,1008.4,27.0,3.5,101.52,248.06,27.42,51.63,66.35,45.56,1.3,17.79,67.6,3.22,4.13,236.0
04-04-2018,40.0,24.0,32.0,15.5,60.4,1005.9,1.1,3.2,112.32,257.16,32.79,52.51,69.5,50.48,1.45,16.95,65.46,2.62,4.85,243.0
05-04-2018,39.0,24.6,31.7,15.4,315.2,1004.8,16.2,3.1,152.08,337.05,43.18,60.24,76.02,49.53,1.72,19.95,64.73,4.6,6.26,328.0
06-04-2018,37.0,21.2,29.3,14.2,89.3,1006.9,65.8,3.2,101.24,226.51,25.66,44.92,62.14,43.35,1.12,20.19,54.04,2.64,4.14,270.0
07-04-2018,35.0,20.4,28.2,16.1,106.4,1008.9,20.7,4.1,48.7,131.76,18.92,36.94,50.39,42.48,0.92,10.76,54.42,1.45,3.32,168.0
08-04-2018,36.0,23.7,29.5,16.8,101.2,1009.4,1.3,3.5,50.47,136.12,13.22,34.29,41.32,44.48,0.9,10.81,56.29,0.96,2.63,139.0
09-04-2018,30.5,20.6,26.1,17.3,82.1,1010.8,40.3,3.7,49.61,122.93,24.07,39.45,53.81,44.12,1.13,11.06,42.76,1.39,4.47,130.0
10-04-2018,35.1,21.5,28.4,17.1,107.3,1008.8,43.4,3.2,94.12,248.88,35.24,45.16,65.04,52.07,1.19,12.99,60.94,2.88,13.51,202.0
11-04-2018,33.0,24.0,26.8,16.4,64.0,1008.5,72.6,3.8,48.81,124.41,16.25,32.33,41.68,39.88,0.81,11.6,46.34,1.2,11.48,177.0
12-04-2018,33.0,19.6,27.1,14.8,295.0,1008.4,36.6,3.7,46.46,108.97,20.89,40.94,49.98,33.55,1.12,10.31,48.2,1.09,6.09,131.0
13-04-2018,37.0,19.7,28.9,8.2,304.7,1009.1,8.7,3.3,84.3,195.61,34.37,54.68,64.81,36.1,1.51,13.53,47.74,1.54,3.64,198.0
14-04-2018,37.0,19.6,29.3,8.3,303.5,1008.0,14.9,3.3,97.18,233.45,42.69,59.41,73.26,39.49,1.84,15.9,47.69,2.5,4.84,233.0
15-04-2018,39.0,21.6,31.3,11.7,292.6,1007.2,22.2,3.2,106.4,257.27,49.0,67.79,75.59,40.66,1.95,17.77,53.47,3.71,4.67,240.0
16-04-2018,39.5,23.7,32.1,13.6,90.8,1007.3,47.3,2.7,119.91,332.65,51.52,76.17,79.53,46.53,2.11,21.33,55.85,4.71,6.12,295.0
17-04-2018,41.0,24.7,32.6,11.4,340.7,1008.7,30.3,3.4,82.49,259.7,35.67,57.84,69.28,39.2,1.22,13.78,49.19,3.42,3.77,264.0
18-04-2018,39.0,24.0,32.3,10.0,291.8,1008.0,1.1,3.7,73.76,253.6,16.91,40.44,46.57,33.33,0.84,13.21,51.01,1.74,2.79,213.0
19-04-2018,41.0,24.1,32.8,10.4,291.2,1004.6,9.6,3.6,89.23,280.16,27.08,51.78,62.47,35.35,0.94,16.6,53.3,2.53,3.63,238.0
20-04-2018,40.0,26.1,33.0,8.7,217.3,1003.5,47.8,3.3,100.12,381.57,20.62,40.56,49.75,36.14,0.7,15.46,48.98,2.34,3.71,266.0
21-04-2018,34.1,24.0,29.6,8.2,294.0,1008.3,24.1,2.8,119.11,479.81,9.64,30.99,35.73,31.94,0.73,12.05,61.05,1.17,2.73,432.0
22-04-2018,35.0,22.0,29.1,5.4,292.0,1009.3,0.0,3.3,61.85,207.53,9.34,31.63,35.38,29.3,0.72,16.27,60.81,1.49,2.24,295.0
23-04-2018,38.0,21.0,30.0,4.5,290.8,1008.2,0.0,3.5,75.65,219.26,17.48,39.43,43.95,27.09,0.9,12.63,63.78,1.9,3.31,194.0
24-04-2018,40.0,21.7,31.4,6.6,289.2,1006.9,0.0,3.3,107.86,274.05,27.8,57.07,61.05,32.19,1.27,16.58,59.45,3.55,5.14,242.0
25-04-2018,42.0,22.2,33.2,5.5,272.3,1004.1,3.2,3.3,117.81,313.41,46.07,82.47,77.25,31.94,2.02,14.9,48.81,6.26,8.18,287.0
26-04-2018,43.0,27.4,34.7,7.9,303.0,1002.4,14.6,3.1,143.57,396.52,44.46,78.5,78.44,41.32,2.1,17.76,65.07,5.72,6.76,329.0
27-04-2018,39.0,28.0,33.2,17.0,99.7,1005.6,3.9,3.6,108.08,334.22,22.69,49.86,54.16,51.03,1.32,13.05,69.49,2.94,4.75,349.0
28-04-2018,40.0,28.2,33.7,18.3,105.1,1005.1,35.6,2.7,84.48,314.36,11.33,36.11,41.23,44.78,0.92,12.57,75.5,1.72,3.23,283.0
29-04-2018,39.9,25.6,32.5,19.3,107.2,1002.2,36.8,2.3,88.97,256.05,13.32,42.57,48.22,47.69,0.94,16.45,69.07,1.89,3.3,255.0
30-04-2018,40.0,25.4,32.1,18.3,105.2,1000.5,29.6,3.1,79.74,213.08,21.81,46.42,58.38,49.72,0.9,12.04,60.39,1.75,3.66,219.0
01-05-2018,36.7,27.0,31.6,19.8,104.5,1004.0,24.6,3.8,55.14,165.91,11.11,33.37,41.04,44.37,0.83,8.88,65.54,1.21,1.91,173.0
02-05-2018,38.0,21.1,30.4,19.5,100.1,1005.7,45.1,2.9,66.79,187.23,14.43,34.14,42.86,37.69,0.96,7.65,64.55,1.19,1.84,161.0
03-05-2018,35.0,25.0,29.4,17.2,107.4,1006.1,62.5,3.0,47.23,153.09,15.63,31.77,40.96,38.01,1.1,9.6,50.16,0.96,2.3,164.0
04-05-2018,37.0,23.6,31.0,19.3,93.9,1006.5,20.7,3.6,49.16,123.56,11.61,30.44,37.96,38.61,1.02,9.13,59.09,1.46,2.55,143.0
05-05-2018,40.0,26.6,33.5,17.5,65.7,1005.6,13.4,3.9,74.61,196.54,23.26,46.75,55.93,44.85,1.5,11.97,59.48,2.56,4.28,170.0
06-05-2018,37.0,26.7,32.4,15.1,20.7,1006.2,28.8,3.3,109.79,288.3,42.39,53.69,71.2,44.57,1.7,14.77,57.57,3.8,5.89,278.0
07-05-2018,40.3,24.9,33.2,14.0,311.0,1004.5,16.2,3.4,111.56,300.69,42.33,54.75,76.02,45.99,1.9,16.52,57.48,3.74,5.38,242.0
08-05-2018,35.0,25.0,29.9,13.9,311.8,1005.2,67.4,3.5,61.15,177.23,10.01,27.66,32.84,27.14,1.21,6.97,61.42,1.41,2.67,251.0
09-05-2018,35.5,23.3,28.7,15.6,338.6,1007.0,42.3,3.6,71.91,177.66,19.68,46.09,56.74,43.68,1.21,12.57,53.1,1.93,4.49,165.0
10-05-2018,40.0,22.6,31.8,15.7,298.4,1007.6,0.0,3.3,92.95,212.28,28.94,52.15,68.21,53.84,1.95,12.32,57.78,2.35,4.57,215.0
11-05-2018,43.0,25.3,34.6,14.5,300.4,1004.5,1.1,2.9,130.87,312.57,35.51,65.41,75.54,51.67,2.43,16.99,65.24,4.5,5.38,290.0
12-05-2018,41.5,28.5,35.3,18.2,113.0,1003.7,29.1,3.0,143.64,352.41,45.32,74.13,88.45,65.63,2.68,18.2,67.9,4.27,5.23,329.0
13-05-2018,40.0,25.0,32.3,19.6,64.9,1004.1,41.2,3.1,79.86,233.64,17.22,31.22,44.1,59.34,1.94,11.6,67.88,1.32,2.15,285.0
14-05-2018,36.0,23.0,29.9,17.3,111.5,1005.6,24.1,3.1,49.03,136.44,13.4,40.3,41.85,46.61,1.91,11.23,56.2,1.11,2.34,173.0
15-05-2018,37.1,26.8,32.1,19.8,95.4,1003.9,30.7,3.7,67.08,175.73,13.34,39.81,43.92,49.62,1.68,11.95,62.52,1.95,3.06,169.0
16-05-2018,41.0,25.0,34.6,15.1,314.6,1002.9,45.3,3.8,78.05,221.48,16.47,41.79,45.65,43.11,0.97,9.08,54.41,2.73,3.61,193.0
17-05-2018,42.0,27.8,35.5,12.3,322.4,1003.1,44.7,3.3,105.17,287.76,17.3,44.14,44.55,45.08,0.86,13.51,70.39,1.9,3.94,239.0
18-05-2018,40.0,27.9,34.6,14.2,21.0,1003.0,36.8,3.0,96.89,241.44,27.74,53.88,63.16,54.12,1.08,13.94,58.67,3.17,5.04,253.0
19-05-2018,42.0,27.7,34.4,16.0,217.9,1002.8,49.5,2.6,102.98,283.23,49.67,65.52,81.75,55.99,1.48,12.44,57.66,5.56,6.98,270.0
20-05-2018,42.0,28.7,34.8,10.9,334.4,1004.0,30.2,3.4,83.49,227.78,20.35,45.88,50.04,45.4,1.11,12.56,55.77,2.86,5.24,230.0
21-05-2018,43.0,27.3,36.3,6.3,345.5,1004.2,0.0,3.7,71.13,209.43,14.16,42.68,48.33,41.07,0.93,12.45,60.27,3.21,5.34,207.0
22-05-2018,45.0,27.7,37.2,8.4,348.3,1003.4,0.2,3.3,90.94,242.16,28.41,59.07,60.5,40.31,1.19,15.17,59.41,3.65,6.23,206.0
23-05-2018,44.0,28.1,36.8,12.7,51.6,1002.0,21.2,3.1,129.47,323.57,53.83,77.28,86.18,46.95,1.68,17.56,59.46,5.88,9.66,306.0
24-05-2018,44.0,28.3,36.4,10.6,348.2,1001.3,21.2,3.4,114.3,298.51,37.09,57.51,67.13,51.03,1.36,17.51,53.43,3.2,6.97,302.0
25-05-2018,45.0,25.7,36.5,6.3,298.9,1001.7,8.7,3.7,83.88,250.15,42.75,59.34,63.04,36.45,1.35,12.45,48.95,4.23,6.57,260.0
26-05-2018,46.0,26.1,37.0,7.2,272.1,1000.6,7.1,2.9,102.77,263.64,41.7,64.88,61.71,37.33,1.5,14.64,49.85,4.96,6.65,244.0
27-05-2018,45.0,28.4,37.9,5.5,252.2,999.8,0.0,3.6,97.31,314.96,31.92,58.31,57.05,35.05,1.12,11.33,56.75,3.89,4.64,268.0
28-05-2018,43.0,28.4,36.6,12.9,50.2,998.3,1.1,3.3,117.24,290.72,29.36,54.01,57.51,48.36,1.35,15.61,59.11,2.79,5.02,276.0
29-05-2018,46.0,28.3,37.0,15.2,105.9,997.2,9.7,3.4,112.36,308.83,41.22,60.34,66.84,51.9,1.4,11.89,59.1,3.95,5.4,302.0
30-05-2018,42.0,30.0,34.9,19.9,130.7,999.1,54.3,2.8,65.92,294.86,13.19,33.21,42.64,54.38,0.97,8.62,59.9,1.25,1.85,266.0
31-05-2018,43.0,29.0,36.3,18.6,128.1,1001.0,10.7,3.3,72.1,233.83,14.54,40.76,44.17,50.49,1.0,9.85,50.6,1.95,3.53,219.0
01-06-2018,41.2,28.0,35.2,21.1,96.0,1002.0,13.4,3.3,80.14,232.62,8.65,30.14,33.87,48.38,0.82,8.35,58.87,1.51,3.18,193.0
02-06-2018,38.0,27.1,32.4,18.9,109.1,1002.8,21.4,3.4,52.6,154.3,12.65,29.28,35.13,41.24,1.01,9.2,60.12,1.56,3.67,180.0
03-06-2018,41.0,28.0,34.0,22.2,91.3,1000.5,5.7,3.6,59.62,139.33,16.93,31.51,43.09,43.82,0.85,7.91,57.87,1.35,3.37,152.0
04-06-2018,42.0,31.2,36.2,22.3,112.9,999.4,15.4,3.5,64.52,177.42,14.32,30.68,38.57,49.08,0.82,8.25,57.03,2.19,3.41,167.0
05-06-2018,41.0,31.9,36.5,22.6,102.6,1001.8,11.2,3.2,62.1,151.93,9.58,27.67,32.62,43.21,0.83,7.56,48.46,2.61,4.69,157.0
06-06-2018,37.0,29.0,33.6,23.9,74.4,1003.6,52.3,3.3,57.7,159.07,8.99,31.11,33.05,39.58,0.9,9.52,48.47,2.79,6.46,143.0
07-06-2018,42.0,29.9,36.1,23.8,100.1,999.3,18.9,2.9,74.04,163.73,10.21,33.8,37.99,40.17,0.96,10.24,60.18,4.99,6.4,165.0
08-06-2018,41.0,32.5,36.2,24.2,117.3,996.1,36.6,2.9,76.99,195.43,9.8,31.27,36.1,46.72,0.96,7.79,54.22,2.63,4.55,179.0
09-06-2018,38.9,25.1,32.3,24.9,116.5,995.8,56.8,2.8,52.74,135.11,10.94,27.39,36.36,40.4,0.92,6.44,41.95,2.85,4.57,151.0
10-06-2018,38.0,26.1,32.4,23.6,265.1,996.4,44.2,2.8,67.59,141.01,16.94,34.23,38.52,49.24,0.95,7.42,45.16,2.77,7.04,151.0
11-06-2018,40.6,30.0,35.3,23.1,281.1,994.2,16.7,2.9,73.62,212.47,11.9,34.85,35.75,48.15,0.92,6.94,46.66,2.67,5.41,183.0
12-06-2018,41.1,30.8,36.7,22.9,268.4,991.7,0.0,2.5,141.89,484.15,11.06,31.72,34.01,40.05,0.89,8.78,37.85,2.36,6.1,277.0
13-06-2018,41.2,34.6,38.2,21.4,266.1,991.9,17.4,1.7,263.86,748.67,11.58,25.75,30.62,32.58,0.8,6.87,27.45,2.4,4.31,430.0
14-06-2018,42.0,34.0,37.6,19.4,260.0,994.0,11.5,1.8,227.18,745.36,11.75,25.37,29.01,27.3,0.74,7.2,43.38,2.38,9.35,503.0
15-06-2018,40.1,32.9,36.8,19.5,255.9,996.1,0.0,2.3,154.67,604.45,12.05,24.61,29.31,26.27,0.73,7.26,40.15,3.14,10.64,570.0
16-06-2018,39.5,33.0,35.8,21.5,251.2,998.4,41.7,2.7,128.34,510.94,10.15,25.0,29.76,28.12,0.7,7.28,45.76,3.52,5.58,516.0
17-06-2018,37.0,28.0,32.6,22.1,24.6,999.8,44.2,2.7,84.71,289.04,8.45,22.78,27.88,27.53,0.7,6.19,44.56,2.94,6.3,377.0
18-06-2018,37.0,28.7,32.6,20.9,295.7,999.8,45.4,3.1,61.11,167.13,11.44,26.68,31.17,33.27,0.78,7.73,46.41,2.96,8.24,176.0
19-06-2018,40.0,26.8,33.6,20.3,304.5,999.8,11.6,3.3,52.99,151.81,10.85,26.52,29.02,31.25,0.68,6.52,53.39,3.93,8.34,144.0
20-06-2018,42.0,30.4,36.1,20.7,326.9,1000.3,41.6,3.4,67.64,199.96,13.82,33.71,37.25,36.03,0.78,10.13,60.2,4.74,10.83,172.0
21-06-2018,42.0,32.1,36.5,21.1,339.0,1000.0,58.2,2.7,77.32,271.29,11.17,34.82,35.93,38.44,0.76,9.67,66.75,4.08,11.19,218.0
22-06-2018,45.0,30.8,37.7,19.5,322.5,998.9,31.4,3.1,84.49,247.12,23.62,45.06,53.22,44.46,1.01,12.3,64.38,4.91,13.08,248.0
23-06-2018,43.0,33.3,37.9,20.7,322.4,998.5,63.8,2.9,81.57,240.76,17.78,44.23,49.29,44.27,0.97,11.74,66.18,4.45,13.63,226.0
24-06-2018,42.0,32.7,37.5,19.4,314.2,997.8,63.5,3.3,54.24,162.33,10.39,34.98,37.1,34.64,0.78,13.88,59.17,2.76,10.24,191.0
25-06-2018,43.0,33.8,37.0,20.8,277.8,995.7,47.3,3.1,47.3,148.41,10.81,34.92,31.12,32.64,0.74,12.31,39.06,1.97,11.0,163.0
26-06-2018,34.0,31.2,32.9,21.7,268.6,996.4,84.3,3.0,30.68,87.0,8.89,34.16,26.14,35.67,0.73,13.31,33.09,1.99,17.81,122.0
27-06-2018,37.0,26.8,31.0,25.1,84.2,998.6,92.5,2.8,52.6,111.14,9.03,31.0,25.96,44.57,0.84,10.59,44.04,2.31,22.29,124.0
28-06-2018,34.0,25.7,29.4,25.9,95.4,1000.1,84.7,2.9,30.08,71.87,8.68,29.01,23.9,44.84,0.77,8.55,33.17,1.71,18.35,98.0
29-06-2018,34.3,27.0,29.9,25.6,109.3,1000.0,77.5,2.9,36.93,84.28,10.99,30.43,26.78,42.44,0.89,9.48,31.43,2.29,17.18,89.0
30-06-2018,34.0,27.0,30.6,26.0,119.3,1000.5,66.2,3.0,41.02,104.28,10.42,32.89,28.23,40.71,0.91,9.62,31.21,2.37,21.04,112.0
01-07-2018,37.0,29.0,32.3,26.6,260.9,999.3,59.2,3.1,34.26,98.86,10.82,28.46,26.45,44.47,0.79,8.53,28.09,1.57,20.66,101.0
02-07-2018,37.2,25.3,32.1,24.6,245.6,996.8,72.0,3.7,34.24,122.93,7.87,25.74,22.61,36.17,0.67,8.9,33.79,1.02,15.01,110.0
03-07-2018,35.6,25.1,31.2,25.1,96.7,996.7,65.7,3.5,44.69,110.01,11.74,37.27,32.19,38.7,0.87,10.19,39.78,1.86,21.68,120.0
04-07-2018,36.0,26.0,31.8,25.2,76.4,997.5,60.8,3.3,45.73,113.65,8.01,31.17,25.67,37.0,0.79,10.28,45.71,1.92,22.04,127.0
05-07-2018,36.9,29.0,31.8,25.6,292.9,998.8,64.0,3.1,50.52,133.54,13.52,38.05,33.66,38.45,0.97,11.22,41.14,2.65,31.43,128.0
06-07-2018,37.0,27.9,33.0,24.1,277.4,999.1,44.1,3.2,57.4,163.45,16.15,36.71,35.28,48.7,0.96,10.33,40.01,2.4,31.47,145.0
07-07-2018,38.0,29.1,34.1,23.8,308.7,998.4,20.7,3.2,61.99,157.79,8.99,34.43,28.17,51.84,0.92,10.5,53.82,2.13,24.21,153.0
08-07-2018,40.0,29.1,35.2,23.3,336.9,997.2,21.1,3.4,68.26,178.88,14.86,39.85,35.86,57.11,1.0,11.79,65.27,2.37,28.03,175.0
09-07-2018,40.0,31.0,34.7,25.9,109.9,997.0,51.5,2.9,69.07,169.85,9.06,35.14,28.69,55.38,0.94,11.16,54.8,1.7,19.14,167.0
10-07-2018,38.6,30.0,33.8,26.1,107.6,997.6,51.1,3.0,44.87,112.22,7.74,28.19,24.09,47.18,0.81,11.07,43.89,1.07,17.08,135.0
11-07-2018,37.0,30.0,32.4,26.3,116.4,997.3,67.5,2.9,39.66,102.56,8.76,31.82,26.63,39.31,0.85,11.46,34.6,1.51,20.72,110.0
12-07-2018,38.0,29.0,32.5,25.8,149.3,996.7,69.3,3.2,46.36,126.7,10.21,34.22,28.48,35.01,0.78,11.08,45.16,1.51,21.64,129.0
13-07-2018,33.3,26.0,29.1,26.3,98.2,998.0,78.3,2.8,28.25,61.67,12.27,31.94,29.09,33.49,0.89,10.82,26.96,1.57,23.54,108.0
14-07-2018,32.5,27.4,29.4,26.8,88.9,997.6,77.8,2.4,33.34,70.54,13.24,31.63,31.3,34.11,0.85,11.35,29.2,1.86,28.73,96.0
15-07-2018,35.2,28.0,31.3,26.5,114.5,997.3,63.8,3.2,35.15,78.12,8.28,28.9,25.51,32.08,0.79,10.84,28.01,1.19,21.55,88.0
16-07-2018,34.0,28.0,30.1,27.6,91.3,997.7,88.9,2.9,37.15,83.04,13.87,33.31,32.44,36.19,0.98,9.6,23.59,1.62,30.8,94.0
17-07-2018,37.0,28.6,32.3,27.0,97.5,997.9,77.8,3.4,34.11,84.39,11.89,30.73,28.81,41.85,0.88,10.33,31.96,1.47,28.63,104.0
18-07-2018,36.1,29.6,32.3,26.9,76.6,998.8,58.4,3.0,37.61,97.24,12.45,29.45,28.39,46.23,0.84,11.16,32.43,1.47,25.88,113.0
19-07-2018,37.1,28.5,31.9,26.7,82.5,998.0,76.9,2.7,33.42,83.87,10.58,27.41,25.71,41.74,0.82,11.28,31.96,1.33,22.63,105.0
20-07-2018,32.1,26.9,29.9,26.8,357.4,997.9,93.4,2.7,36.98,80.32,12.22,33.46,30.45,38.54,0.91,10.52,24.18,1.9,30.73,89.0
21-07-2018,33.1,27.0,29.4,26.9,85.3,998.3,89.8,2.3,47.59,96.33,17.99,36.48,37.03,43.54,0.99,11.42,32.23,2.34,31.75,113.0
22-07-2018,33.1,26.8,28.7,27.0,89.5,998.5,92.5,2.5,24.53,47.52,12.14,27.55,27.12,37.26,0.86,10.02,24.91,1.26,23.02,82.0
23-07-2018,34.8,26.0,30.3,26.2,102.2,998.5,78.8,3.2,32.23,69.93,14.28,28.74,29.43,39.3,0.84,10.55,26.11,1.39,22.63,80.0
24-07-2018,37.0,29.0,32.4,26.4,110.6,999.0,77.9,3.4,38.92,94.87,12.18,29.15,26.72,40.08,0.86,10.88,34.46,1.5,24.39,100.0
25-07-2018,31.9,28.0,29.5,26.9,236.9,998.6,94.7,3.0,30.86,79.92,15.59,27.58,28.48,39.46,0.82,10.03,21.39,1.2,26.63,88.0
26-07-2018,29.0,26.0,27.4,26.7,286.3,998.8,95.7,2.7,25.37,58.64,16.81,25.1,28.9,38.33,0.92,9.13,18.6,1.27,25.4,84.0
27-07-2018,28.0,25.7,27.0,26.5,296.6,997.9,100.0,2.6,20.47,36.39,14.04,23.41,25.77,33.02,0.93,9.14,19.82,1.5,30.51,67.0
28-07-2018,31.1,25.7,27.5,26.4,281.7,998.6,94.5,2.6,28.54,68.13,13.43,21.59,24.43,29.08,0.75,9.57,24.11,1.4,22.88,66.0
29-07-2018,35.0,25.9,29.9,26.2,270.4,999.2,61.7,3.3,43.96,116.52,18.34,25.02,30.46,36.7,0.76,9.33,26.19,1.24,22.53,95.0
30-07-2018,33.8,25.0,30.2,25.9,255.5,998.7,77.0,3.6,39.87,122.7,15.98,25.06,28.28,42.39,0.83,9.01,28.09,1.09,21.52,121.0
31-07-2018,34.0,26.0,30.8,25.9,260.7,998.1,78.6,3.1,50.71,165.44,15.59,28.84,30.1,41.94,0.95,9.07,27.81,1.28,23.52,133.0
01-08-2018,35.0,26.0,30.9,25.0,266.3,998.2,65.0,3.2,55.93,194.66,19.92,26.14,32.34,38.58,0.97,9.82,29.94,1.39,21.39,152.0
02-08-2018,35.2,28.0,31.4,24.7,260.6,999.7,49.8,3.1,71.69,267.32,20.56,25.2,32.61,36.33,0.89,10.49,29.3,1.48,23.05,211.0
03-08-2018,34.0,28.0,31.2,24.2,258.1,1000.2,54.0,3.2,65.71,247.34,19.1,26.08,31.73,34.43,0.79,9.68,28.1,1.42,20.51,224.0
04-08-2018,35.1,28.0,31.8,23.6,255.1,999.6,67.2,3.3,69.97,263.59,19.25,28.77,32.96,33.4,0.78,9.85,29.61,1.24,22.17,211.0
05-08-2018,33.0,28.0,30.1,24.5,218.2,999.9,81.1,3.2,63.7,245.49,17.71,24.82,29.73,33.84,0.73,10.06,25.4,1.07,16.8,229.0
06-08-2018,29.0,27.0,28.0,25.4,77.7,1000.3,96.0,3.0,50.53,132.06,19.28,26.59,32.23,45.36,0.93,9.48,27.42,1.45,22.31,163.0
07-08-2018,33.0,26.5,28.5,25.9,76.5,1000.3,90.3,2.9,44.04,106.43,18.64,26.15,31.04,40.11,1.0,10.65,32.06,1.58,24.19,120.0
08-08-2018,34.0,27.0,29.9,26.6,103.9,1000.6,86.0,2.8,36.47,75.83,19.04,25.24,30.33,38.57,1.03,9.51,31.12,1.57,22.91,105.0
09-08-2018,36.0,28.0,31.4,26.3,111.9,1002.8,64.7,3.6,36.59,90.99,17.18,24.98,29.1,38.58,0.9,9.96,34.11,1.38,21.02,102.0
10-08-2018,35.0,28.3,31.0,26.6,178.7,1001.6,68.8,3.4,46.23,115.05,27.59,34.82,42.63,40.95,1.13,9.69,31.83,1.81,27.68,110.0
11-08-2018,35.0,28.0,31.7,26.5,259.6,998.4,79.4,3.4,32.77,97.86,18.61,24.06,28.8,36.5,0.7,8.92,27.66,1.3,22.34,105.0
12-08-2018,33.0,28.0,30.7,25.1,224.5,996.7,91.1,3.2,25.8,83.37,14.86,23.5,25.93,30.55,0.65,9.12,23.92,0.99,20.01,90.0
13-08-2018,34.0,27.7,30.4,25.4,201.4,998.0,85.9,3.5,32.82,95.37,16.15,25.04,28.15,34.65,0.81,9.28,27.7,1.13,23.15,93.0
14-08-2018,35.0,28.8,31.3,26.1,51.9,999.0,81.9,3.3,46.81,127.12,14.03,29.49,30.34,39.38,1.03,9.81,32.47,1.61,31.92,117.0
15-08-2018,35.0,29.0,31.2,25.9,181.9,1000.5,62.8,3.3,42.85,117.09,9.88,23.72,22.86,37.96,0.77,8.91,34.04,1.43,30.31,125.0
16-08-2018,36.0,28.0,30.6,26.2,87.9,1002.2,72.6,2.8,36.22,87.86,18.67,29.32,33.72,40.19,1.2,10.43,31.87,1.92,37.14,106.0
17-08-2018,36.0,28.4,31.7,27.0,92.7,999.9,60.2,3.2,32.86,81.41,18.25,24.58,30.72,37.68,1.01,9.39,30.62,1.9,35.68,109.0
18-08-2018,36.0,28.5,31.2,26.8,110.7,999.2,57.8,3.2,32.0,77.49,12.87,26.17,26.14,32.83,0.89,10.09,30.9,1.61,31.14,90.0
19-08-2018,32.0,27.0,28.9,26.8,154.9,999.4,77.8,2.8,46.57,95.85,18.92,31.85,33.12,31.46,1.1,11.5,32.1,1.63,31.94,99.0
20-08-2018,35.0,27.3,30.2,26.9,107.5,1000.6,77.2,2.4,60.84,125.82,23.17,32.54,37.99,38.4,1.21,11.03,39.36,1.67,29.88,138.0
21-08-2018,36.3,27.0,31.4,26.6,112.7,1000.6,56.6,3.0,30.91,77.05,11.76,27.85,26.25,32.36,1.06,12.11,31.02,1.09,20.41,104.0
22-08-2018,35.1,28.1,30.8,26.4,131.4,1000.2,71.2,3.3,29.71,74.42,14.93,28.18,28.73,28.58,0.92,11.51,25.33,1.24,25.07,90.0
23-08-2018,31.5,27.0,29.2,26.6,247.6,1000.8,89.1,3.5,27.3,73.87,15.41,24.72,27.95,32.42,0.83,10.88,18.25,1.17,24.68,83.0
24-08-2018,33.7,27.0,29.9,26.2,261.8,1000.2,78.1,3.9,23.76,88.03,17.54,24.6,29.81,28.45,0.83,10.46,19.29,1.17,25.43,86.0
25-08-2018,33.0,27.0,29.9,25.2,268.8,999.7,73.8,3.7,22.03,82.59,14.99,22.78,26.16,25.87,0.69,11.04,20.69,1.2,26.28,98.0
26-08-2018,36.0,27.0,30.8,25.2,294.6,999.3,56.9,3.5,24.08,77.27,9.89,19.92,20.16,24.13,0.61,10.41,24.77,0.96,20.34,86.0
27-08-2018,32.0,27.0,29.8,26.4,50.4,1000.9,90.2,3.4,24.79,57.01,10.67,23.6,23.07,26.04,0.8,10.95,26.5,1.32,23.54,82.0
28-08-2018,31.2,25.0,28.2,26.9,13.4,1002.1,95.2,2.5,28.93,59.31,14.65,25.52,27.65,27.99,0.87,10.94,21.91,1.55,27.6,80.0
29-08-2018,31.3,27.0,28.3,26.7,117.3,1003.1,92.5,2.9,30.48,65.69,15.31,26.12,27.86,29.36,0.93,10.31,21.53,1.6,27.48,85.0
30-08-2018,36.0,26.0,30.6,26.8,264.3,1000.9,69.2,2.7,41.28,96.01,21.4,28.28,34.45,29.82,0.97,10.02,27.06,1.8,30.05,94.0
31-08-2018,35.0,28.0,31.2,26.3,277.2,1001.0,73.9,3.3,47.56,152.45,13.54,25.96,26.93,28.79,0.84,9.73,23.57,1.48,29.49,125.0
01-09-2018,30.0,24.9,28.2,26.2,240.7,1003.3,91.0,2.6,45.1,110.31,19.47,28.51,31.54,31.04,1.05,10.63,19.58,2.16,33.41,129.0
02-09-2018,29.0,25.3,27.2,25.7,305.2,1003.2,93.8,2.5,40.53,80.96,20.91,23.44,29.51,31.34,0.9,9.97,23.36,1.91,33.4,115.0
03-09-2018,29.0,26.0,27.1,25.8,46.5,1003.3,92.0,2.1,41.91,73.02,17.6,27.63,30.0,30.05,1.09,10.07,26.15,2.17,29.13,89.0
04-09-2018,31.0,25.7,27.6,26.1,251.5,1003.9,84.7,2.1,55.36,106.02,34.09,35.94,49.8,32.41,1.32,10.9,26.55,2.96,37.05,118.0
05-09-2018,31.0,24.6,27.8,25.5,276.7,1003.3,89.7,2.7,39.54,102.14,21.85,30.63,37.55,29.56,1.06,9.8,20.64,2.14,31.17,108.0
06-09-2018,34.2,25.0,29.6,25.2,282.4,1002.6,81.3,3.2,41.71,139.23,28.45,30.88,43.56,30.78,0.97,10.28,26.24,2.24,29.35,131.0
07-09-2018,35.0,25.0,27.8,25.9,195.3,1004.3,87.8,2.5,38.86,88.08,30.95,37.91,49.1,32.06,1.13,10.91,28.23,2.57,35.79,112.0
08-09-2018,32.8,25.0,28.2,25.8,79.0,1004.6,85.1,2.9,31.94,73.11,17.48,26.65,31.93,28.17,0.86,11.38,23.65,1.86,28.07,99.0
09-09-2018,31.9,25.0,28.0,24.8,117.2,1006.0,64.6,3.6,22.41,57.16,10.53,23.58,24.12,24.71,0.75,10.98,26.36,1.08,16.75,80.0
10-09-2018,31.1,25.7,28.3,25.2,156.1,1007.5,63.0,3.1,34.43,84.1,15.56,29.61,30.96,24.26,0.9,11.36,29.46,1.32,19.63,86.0
11-09-2018,35.0,26.8,30.0,26.1,255.4,1006.9,65.2,3.3,27.14,78.29,19.0,26.0,32.0,23.37,0.81,10.03,23.21,1.4,24.64,89.0
12-09-2018,33.1,26.0,29.9,25.3,260.3,1004.3,64.5,3.6,28.63,103.25,17.17,24.4,29.28,22.38,0.72,10.4,22.44,1.5,24.9,94.0
13-09-2018,33.4,26.9,29.9,24.0,262.2,1004.0,37.5,3.8,27.53,115.34,19.96,23.21,30.78,20.34,0.65,11.39,23.11,1.33,24.41,106.0
14-09-2018,34.2,25.0,29.5,23.7,265.8,1006.5,30.2,4.1,31.47,113.45,20.52,25.18,32.01,19.9,0.71,11.34,24.58,1.5,23.92,111.0
15-09-2018,35.0,26.0,30.0,22.9,277.7,1008.1,25.1,4.2,37.6,125.79,26.65,27.72,37.7,22.31,0.8,11.78,25.86,2.39,22.96,124.0
16-09-2018,34.0,25.0,29.9,23.2,282.0,1006.6,28.2,3.7,43.09,131.14,21.14,25.92,31.12,24.13,0.73,11.12,26.12,1.85,22.07,122.0
17-09-2018,33.7,26.0,29.8,23.6,297.5,1005.3,22.6,3.5,55.99,157.66,22.25,29.15,33.99,25.37,0.79,10.97,35.01,1.75,20.68,133.0
18-09-2018,35.0,25.0,29.9,22.9,291.6,1005.4,20.0,4.0,54.92,164.95,15.0,29.8,28.63,24.13,0.76,11.63,38.79,1.78,22.88,153.0
19-09-2018,35.4,24.9,29.9,22.8,314.1,1005.7,19.0,3.6,58.48,174.95,26.29,37.36,40.98,26.44,0.9,12.85,40.04,2.21,26.47,155.0
20-09-2018,35.3,24.3,29.5,22.8,23.4,1005.6,20.6,3.1,73.36,184.38,28.51,38.16,42.01,29.96,1.0,13.51,49.18,2.8,32.88,172.0
21-09-2018,33.0,24.1,28.8,23.3,104.1,1008.4,58.1,3.5,46.85,111.89,11.6,26.7,24.32,28.6,0.75,11.89,30.31,2.05,20.32,154.0
22-09-2018,28.0,23.0,25.5,23.6,78.1,1008.7,91.6,3.1,21.84,46.45,10.07,21.72,19.92,23.58,0.74,10.85,23.89,1.77,20.82,74.0
23-09-2018,31.0,25.0,26.9,24.8,105.6,1008.2,82.4,2.8,30.56,54.49,7.37,19.88,16.84,22.73,0.68,11.86,28.89,1.45,15.78,66.0
24-09-2018,27.0,23.6,25.2,24.2,164.1,1006.7,95.7,2.8,20.1,36.03,14.91,25.07,25.46,22.73,0.75,11.13,19.54,2.43,19.88,62.0
25-09-2018,27.0,22.0,24.2,22.7,282.1,1008.2,78.7,2.9,21.36,49.96,20.54,25.67,30.35,22.28,0.82,10.71,22.48,3.27,26.02,62.0
26-09-2018,32.1,22.0,27.0,23.2,281.7,1007.9,16.1,3.9,37.8,109.31,31.86,32.38,42.65,24.2,1.04,11.35,28.54,3.06,33.74,94.0
27-09-2018,34.0,23.7,28.4,23.5,303.7,1008.6,4.9,3.5,71.32,171.85,66.23,37.42,73.58,30.7,1.51,12.38,35.24,4.98,56.22,150.0
28-09-2018,35.1,24.2,29.6,22.3,263.5,1009.3,0.0,3.1,83.7,214.86,86.96,44.68,93.15,35.57,1.81,13.12,37.24,6.54,70.78,200.0
29-09-2018,34.4,23.0,28.8,21.6,281.4,1010.0,12.3,3.2,87.31,231.1,61.52,46.15,74.55,37.78,1.6,12.89,41.92,6.05,66.94,228.0
30-09-2018,33.6,24.0,28.5,21.5,278.2,1009.4,0.0,3.6,59.32,155.9,20.83,34.52,35.4,31.15,1.01,12.17,35.54,3.0,30.51,171.0
01-10-2018,35.0,23.3,28.7,21.6,277.0,1009.1,0.0,3.5,65.97,177.15,30.83,40.86,47.61,31.58,1.15,12.55,38.52,3.35,41.27,145.0
02-10-2018,35.1,23.4,29.2,21.3,280.1,1009.7,11.6,3.1,76.25,184.66,31.9,36.68,46.51,35.08,1.12,12.3,35.8,3.89,43.42,186.0
03-10-2018,35.3,22.8,29.2,19.4,282.3,1009.2,13.9,3.5,63.51,176.76,39.9,42.57,56.37,31.83,1.14,13.54,36.72,3.84,41.57,159.0
04-10-2018,34.7,24.3,29.1,21.0,145.7,1010.5,51.1,3.0,95.35,234.54,40.37,48.01,59.34,37.79,1.36,14.77,45.63,5.06,54.71,205.0
05-10-2018,35.0,23.3,28.7,20.7,5.9,1011.7,12.8,2.9,121.36,270.59,65.84,53.69,83.28,42.52,1.65,17.2,44.88,6.81,72.28,268.0
06-10-2018,34.1,22.1,27.7,18.6,296.2,1011.4,2.7,3.5,79.16,198.91,44.04,44.71,61.88,36.24,1.25,13.5,32.93,4.9,47.12,237.0
07-10-2018,33.2,20.0,27.1,18.3,305.9,1010.9,0.0,3.0,81.42,220.88,39.4,44.81,57.51,35.47,1.28,14.67,42.38,4.79,48.04,189.0
08-10-2018,34.6,21.5,28.0,18.6,73.9,1009.2,0.0,2.8,118.82,279.25,37.87,56.21,63.0,36.86,1.54,16.38,51.05,5.39,56.82,253.0
09-10-2018,35.0,23.0,28.4,19.2,110.1,1008.2,0.0,3.2,103.54,262.75,31.79,54.24,56.31,37.85,1.63,19.59,52.46,5.42,49.75,269.0
10-10-2018,33.8,24.0,28.3,21.6,113.8,1008.7,6.4,3.1,93.64,232.7,23.75,47.73,45.93,39.4,1.55,16.55,43.9,4.61,43.52,251.0
11-10-2018,32.0,21.9,26.2,18.3,100.6,1010.6,12.2,3.0,70.6,198.71,14.93,37.74,33.12,33.16,1.05,14.87,37.04,3.19,33.7,200.0
12-10-2018,32.0,18.2,25.2,15.1,14.2,1012.9,2.9,3.3,68.17,170.92,29.52,44.48,47.82,25.13,1.16,16.48,42.01,3.7,46.29,157.0
13-10-2018,31.0,18.0,24.6,15.9,291.0,1013.1,0.0,2.9,132.93,263.03,54.11,49.89,68.66,33.8,1.45,17.48,42.0,5.91,53.38,264.0
14-10-2018,32.0,18.6,25.1,14.8,273.1,1012.3,0.0,3.4,92.07,216.52,36.38,47.34,53.99,30.33,1.32,16.19,40.16,4.28,36.66,237.0
15-10-2018,33.0,18.4,25.8,15.6,307.5,1012.5,7.3,2.9,116.34,279.84,50.19,55.44,68.24,33.54,1.66,17.41,44.92,5.57,54.91,253.0
16-10-2018,33.6,19.8,26.4,16.6,142.9,1012.1,42.1,3.2,139.45,342.29,84.92,64.18,100.51,43.63,2.19,19.33,54.38,7.85,70.39,309.0
17-10-2018,34.2,20.5,26.8,14.9,262.1,1010.6,12.4,3.1,137.72,323.7,67.3,52.81,81.62,42.22,1.94,17.22,44.29,7.07,58.99,332.0
18-10-2018,33.1,19.4,26.4,16.8,95.6,1009.9,29.3,2.8,143.28,336.78,100.87,57.64,112.6,48.05,2.48,18.62,44.65,8.6,79.15,330.0
19-10-2018,33.8,18.0,25.4,16.4,274.0,1011.7,10.7,2.5,138.07,313.21,40.85,54.31,61.47,41.31,1.66,18.24,51.05,6.67,55.31,299.0
20-10-2018,32.8,18.0,25.1,14.9,355.6,1014.0,7.5,2.6,169.19,328.09,37.49,54.04,59.64,37.9,1.57,19.59,47.64,6.05,50.98,344.0
21-10-2018,31.0,18.8,24.4,13.9,328.2,1014.8,34.6,2.8,141.47,293.68,49.17,55.77,71.3,38.07,1.52,20.3,42.61,5.78,53.69,325.0
22-10-2018,31.0,16.6,23.7,12.6,269.1,1013.8,0.0,3.1,121.72,273.98,49.3,55.49,71.09,36.59,1.55,17.82,41.32,5.85,46.09,296.0
23-10-2018,32.0,17.0,24.1,12.7,281.2,1013.4,0.9,3.2,119.28,301.28,65.36,63.32,87.65,35.0,1.83,19.76,44.7,7.24,59.02,274.0
24-10-2018,32.2,17.6,24.7,14.4,60.1,1013.2,23.4,2.8,173.93,384.08,103.62,77.72,129.52,44.37,2.51,21.38,56.09,10.33,94.4,354.0
25-10-2018,32.0,16.7,24.2,14.7,68.3,1014.7,6.5,2.8,167.85,368.4,97.53,72.23,120.26,45.37,2.37,22.98,62.29,9.19,81.54,356.0
26-10-2018,30.0,17.2,23.3,14.9,22.9,1016.6,21.9,2.4,198.86,395.23,114.02,74.04,133.52,48.25,2.73,21.16,53.02,10.35,88.71,393.0
27-10-2018,30.4,17.0,23.2,15.6,12.2,1016.9,9.2,2.1,205.49,406.54,123.46,77.3,143.02,52.18,3.14,20.23,52.9,11.67,97.47,393.0
28-10-2018,31.8,17.2,23.7,14.8,289.3,1016.5,0.0,2.3,203.93,374.27,81.11,57.66,100.04,47.85,2.44,15.85,52.78,9.04,72.06,401.0
29-10-2018,31.2,16.8,23.2,15.6,274.1,1015.8,0.0,2.1,229.8,424.52,84.12,62.22,104.22,48.43,2.68,16.91,53.2,9.14,69.17,396.0
30-10-2018,31.0,17.9,23.8,16.0,322.1,1015.4,0.0,1.8,262.79,457.73,98.5,70.46,119.07,52.74,2.9,17.5,50.55,10.21,84.65,453.0
31-10-2018,30.8,17.2,23.4,16.4,28.1,1015.9,11.1,1.8,225.28,402.23,99.9,68.02,122.87,55.85,2.93,18.21,47.05,9.72,85.49,419.0
01-11-2018,30.8,17.5,23.7,16.5,102.8,1014.8,39.8,1.9,236.48,414.06,106.68,71.63,133.14,58.01,2.98,19.97,45.98,10.66,88.8,430.0
02-11-2018,31.2,17.3,23.7,16.6,97.6,1013.3,3.4,2.1,205.64,370.74,57.41,65.98,86.56,51.21,2.0,19.99,46.13,7.91,60.1,389.0
03-11-2018,29.9,19.0,24.2,17.0,86.1,1011.9,39.7,2.2,159.64,296.86,21.22,47.39,45.59,48.63,1.44,17.46,45.43,5.06,31.65,352.0
04-11-2018,29.5,19.0,23.3,14.7,39.1,1013.6,28.3,2.8,97.3,179.52,14.18,34.18,30.79,36.62,1.01,15.47,51.96,2.6,18.05,238.0
05-11-2018,25.4,15.0,19.6,13.7,269.9,1014.5,2.1,1.6,361.13,498.92,26.22,48.25,48.8,44.82,1.89,14.45,45.0,5.54,31.1,422.0
06-11-2018,27.8,15.0,20.7,9.0,272.9,1014.8,0.0,2.8,177.72,311.86,23.48,43.78,44.84,31.18,1.3,15.55,45.01,3.94,22.72,409.0
07-11-2018,27.0,13.0,19.4,7.1,263.6,1015.3,0.0,3.0,175.64,299.37,30.57,45.14,52.43,30.5,1.46,19.3,51.22,4.21,19.36,317.0
08-11-2018,25.9,12.1,18.3,9.5,329.4,1015.5,0.0,1.5,427.22,503.59,89.1,64.57,106.68,44.2,2.5,26.1,38.35,9.26,40.88,451.0
09-11-2018,29.0,12.2,19.7,12.4,236.7,1013.8,0.0,1.6,300.04,434.55,89.45,68.25,109.68,49.84,2.67,17.61,47.94,9.12,52.31,477.0
10-11-2018,28.0,13.4,20.2,13.5,78.1,1014.5,0.0,1.3,288.76,443.7,99.32,79.5,127.11,55.35,3.02,18.02,42.55,10.23,80.23,427.0
11-11-2018,30.0,13.4,21.3,12.7,101.1,1014.8,0.0,1.9,255.6,425.27,91.92,70.55,113.81,55.03,2.9,16.22,51.68,9.31,65.55,451.0
12-11-2018,30.0,14.2,21.7,14.3,50.6,1012.7,8.7,1.7,270.18,463.36,75.93,71.88,101.5,58.85,2.86,17.4,53.37,9.38,64.07,436.0
13-11-2018,29.0,16.4,21.8,16.1,76.3,1010.6,59.2,1.7,264.54,438.7,85.28,74.72,111.18,62.24,2.74,18.63,37.8,9.91,68.76,451.0
14-11-2018,28.0,18.4,22.3,17.2,108.6,1011.5,68.4,2.4,136.16,224.66,41.75,59.36,67.48,53.0,1.7,15.87,31.95,5.67,40.68,359.0
15-11-2018,27.0,17.0,21.3,16.1,336.4,1014.9,11.5,2.4,98.18,175.55,29.85,47.83,51.99,49.76,1.3,14.94,32.95,4.34,38.77,251.0
16-11-2018,25.8,12.0,19.7,12.2,269.0,1014.2,0.2,2.6,138.09,229.44,19.55,42.41,41.05,41.19,1.26,14.3,40.74,3.29,23.35,302.0
17-11-2018,26.0,14.0,19.2,11.7,280.2,1012.6,15.9,3.0,134.78,254.13,38.85,51.93,61.7,40.93,1.61,14.4,36.97,4.15,30.26,292.0
18-11-2018,28.1,12.8,20.1,13.0,116.8,1013.6,0.3,2.5,166.63,311.34,68.53,61.82,92.64,44.39,1.99,16.39,39.51,6.44,44.89,330.0
19-11-2018,27.6,16.2,21.6,14.3,108.5,1015.8,57.2,2.1,179.98,316.11,18.31,56.73,47.93,48.41,1.56,16.48,51.15,4.74,30.21,340.0
20-11-2018,28.0,15.0,20.8,15.3,310.0,1016.1,7.1,1.9,224.01,372.01,53.4,63.96,80.38,54.51,2.05,16.18,46.03,6.4,48.17,366.0
21-11-2018,27.8,14.7,20.0,12.8,264.1,1016.5,1.4,1.9,209.9,347.9,54.16,63.79,81.87,46.84,1.8,14.26,40.22,5.36,40.03,394.0
22-11-2018,27.8,12.2,19.5,10.8,289.6,1017.2,27.1,2.7,139.01,291.69,91.36,74.93,120.74,42.27,2.11,16.88,37.22,6.12,54.69,317.0
23-11-2018,27.8,13.0,19.7,10.1,284.8,1018.8,4.9,2.6,187.13,330.15,77.16,61.06,102.45,45.84,2.06,16.45,40.01,6.57,58.19,355.0
24-11-2018,26.8,12.0,19.4,9.4,274.2,1017.1,0.0,3.3,107.68,222.26,26.91,46.57,50.88,36.97,1.36,15.27,37.48,3.41,24.93,296.0
25-11-2018,27.0,12.2,19.2,10.3,283.1,1016.7,0.0,3.0,133.35,267.43,59.31,58.16,84.38,39.78,1.72,16.58,37.17,4.62,36.63,266.0
26-11-2018,26.8,10.9,18.5,12.2,345.9,1016.1,6.1,2.4,200.13,361.55,94.45,68.3,120.55,47.15,2.44,20.4,39.8,7.03,55.83,349.0
27-11-2018,27.9,12.2,19.9,12.8,130.8,1017.6,29.5,2.4,205.88,374.82,152.0,78.94,176.98,53.89,3.26,18.49,34.02,10.64,85.3,395.0
28-11-2018,27.6,15.0,20.4,14.4,100.0,1018.5,31.2,2.2,193.44,353.72,120.37,69.6,146.11,53.87,2.86,16.15,34.61,8.78,64.64,362.0
29-11-2018,26.0,14.4,19.5,14.0,267.9,1018.8,6.2,1.9,204.3,360.01,101.42,63.68,124.27,51.41,2.52,12.95,35.79,8.74,71.45,382.0
30-11-2018,26.0,12.2,18.5,12.9,273.0,1018.4,0.0,2.0,189.64,338.12,62.12,56.74,86.03,46.35,1.96,13.91,35.79,6.26,42.12,364.0
01-12-2018,25.1,12.2,18.1,11.0,268.6,1015.6,0.0,2.7,147.14,297.09,68.71,56.43,90.73,42.49,1.92,14.43,35.45,6.11,40.58,334.0
02-12-2018,27.6,10.2,17.9,9.9,245.7,1014.8,0.5,2.6,164.3,332.18,131.08,67.18,152.89,45.3,2.78,16.62,39.35,9.04,64.93,328.0
03-12-2018,26.6,10.5,17.6,9.9,288.3,1015.6,5.5,2.1,178.43,353.23,120.66,66.91,144.74,47.02,2.73,16.63,38.44,8.12,61.4,355.0
04-12-2018,25.6,10.2,16.9,10.5,285.9,1017.5,26.5,2.0,209.98,390.52,140.77,74.17,169.75,51.21,3.14,16.36,38.12,9.97,77.72,391.0
05-12-2018,24.8,10.0,16.9,11.2,300.1,1015.1,18.5,1.9,180.87,344.54,121.66,65.87,142.92,49.26,2.58,15.93,32.33,7.8,55.3,372.0
06-12-2018,24.8,10.0,16.7,11.4,293.5,1014.3,13.9,1.9,217.1,394.82,136.49,71.73,156.61,52.53,3.04,16.58,40.87,10.35,80.5,384.0
07-12-2018,23.7,10.2,16.2,10.8,269.0,1015.2,6.3,1.8,193.72,352.19,85.29,54.83,105.05,49.16,2.11,14.44,32.45,7.48,53.18,375.0
08-12-2018,24.0,8.0,15.4,10.4,275.4,1016.2,0.2,1.9,202.08,359.43,85.16,59.06,107.05,49.42,2.25,15.63,37.6,7.47,52.01,365.0
09-12-2018,24.8,10.0,16.1,9.9,3.9,1014.9,0.0,2.0,225.92,389.01,103.19,65.3,127.78,50.23,2.69,18.14,39.85,9.04,64.11,388.0
10-12-2018,23.8,9.4,16.3,11.3,108.1,1014.4,6.5,1.7,264.56,453.24,89.36,66.58,121.45,55.63,2.79,16.87,42.51,8.93,53.22,430.0
11-12-2018,21.8,10.5,15.9,12.0,90.2,1015.6,31.6,1.4,275.45,458.47,93.61,68.87,124.9,58.67,2.78,15.6,41.9,8.63,55.96,460.0
12-12-2018,21.1,14.0,16.7,13.4,105.1,1016.8,62.7,1.7,209.09,324.26,56.21,55.1,80.05,51.27,1.95,14.66,36.34,6.71,45.73,439.0
13-12-2018,20.7,12.0,15.5,11.8,318.3,1020.1,35.4,2.4,94.17,163.0,35.89,42.59,56.05,40.31,1.25,12.94,24.89,3.84,32.64,263.0
14-12-2018,21.0,9.0,14.7,10.9,275.3,1022.2,10.9,2.0,113.24,196.66,39.15,45.22,60.27,42.01,1.25,12.7,27.74,3.85,26.26,248.0
15-12-2018,22.0,9.0,14.4,10.3,269.7,1021.9,0.0,2.1,122.61,211.67,30.33,47.31,53.33,41.97,1.25,13.47,29.58,4.0,25.41,274.0
16-12-2018,22.8,8.0,14.4,8.9,266.0,1022.2,0.3,2.0,150.47,252.21,42.76,50.86,65.32,45.92,1.45,16.0,32.7,4.47,29.87,295.0
17-12-2018,21.8,7.2,13.6,8.2,287.8,1020.7,32.8,1.9,182.88,322.83,70.9,58.08,94.61,50.27,1.96,16.27,32.85,6.08,41.99,338.0
18-12-2018,21.8,6.2,13.3,7.7,274.1,1019.0,9.0,2.1,204.02,338.96,55.86,61.34,82.18,51.04,1.79,18.03,37.13,6.35,39.61,370.0
19-12-2018,21.8,7.0,13.6,7.8,263.4,1018.1,0.0,2.0,205.21,350.1,61.91,63.77,89.2,48.82,1.92,17.67,37.05,6.47,37.07,369.0
20-12-2018,21.8,5.4,13.0,6.7,307.0,1018.5,0.0,1.7,257.6,428.13,114.21,68.97,139.08,54.66,2.62,17.91,40.5,9.11,58.62,422.0
21-12-2018,19.1,6.4,12.3,6.8,276.0,1017.4,0.0,1.6,251.9,402.04,74.98,66.03,103.06,57.91,2.21,16.08,38.38,7.33,43.78,420.0
22-12-2018,21.4,5.6,12.9,6.7,212.0,1017.6,0.0,1.1,325.6,502.35,85.55,78.71,117.64,60.21,2.56,18.72,44.98,8.69,52.32,466.0
23-12-2018,22.0,6.0,13.3,8.1,119.6,1018.3,4.7,1.2,399.62,559.18,112.95,77.63,145.67,67.29,3.34,18.47,50.65,10.92,67.94,553.0
24-12-2018,20.9,6.7,13.0,8.0,320.2,1017.6,3.7,1.1,377.84,545.1,123.73,75.26,152.77,65.75,3.34,17.57,43.25,10.46,69.38,572.0
25-12-2018,19.0,6.5,11.5,8.4,266.5,1017.1,9.5,1.0,268.14,398.96,45.37,61.2,74.6,57.34,1.9,13.66,36.37,6.65,36.43,472.0
26-12-2018,20.3,4.0,11.7,5.9,270.7,1015.5,0.0,1.5,240.3,364.04,59.69,65.2,89.51,50.38,1.98,15.26,39.09,6.59,34.42,403.0
27-12-2018,20.7,5.3,12.4,5.8,276.4,1016.7,0.0,1.6,289.01,449.53,110.91,78.43,143.91,56.6,2.78,18.37,40.96,10.34,65.92,455.0
28-12-2018,18.0,6.0,10.9,6.4,273.9,1017.3,0.0,1.1,248.82,387.18,39.19,60.59,68.5,55.46,1.67,14.94,37.38,5.43,28.72,410.0
29-12-2018,19.5,4.7,11.5,5.4,275.6,1019.3,0.0,1.5,247.32,396.23,74.28,64.97,102.0,51.53,1.94,16.6,39.29,6.4,35.48,418.0
30-12-2018,21.9,3.0,12.2,5.9,278.4,1021.3,5.6,1.6,334.69,501.78,127.84,76.89,157.78,57.55,2.87,20.06,42.87,9.86,61.96,481.0
31-12-2018,21.9,5.6,12.6,6.1,283.0,1021.2,0.0,1.3,317.98,494.37,105.28,70.54,133.87,56.0,2.69,17.57,41.44,8.84,55.79,506.0
01-01-2019,22.3,5.8,13.2,6.9,272.2,1020.0,9.1,1.7,286.62,460.65,92.04,69.46,121.07,56.66,2.51,17.97,39.58,8.17,46.39,473.0
02-01-2019,22.7,7.9,14.9,8.9,144.6,1020.0,16.2,1.5,330.46,514.25,101.08,75.06,133.85,63.63,2.73,18.59,43.3,10.12,54.15,498.0
03-01-2019,19.9,7.0,12.6,9.5,274.5,1021.4,0.0,0.8,352.91,516.53,77.92,66.2,106.99,61.02,2.49,15.37,39.77,8.97,54.3,532.0
04-01-2019,17.7,8.0,11.9,9.6,274.4,1020.3,38.3,0.8,245.96,388.91,47.83,57.53,74.39,53.09,2.0,13.37,28.75,6.95,38.45,429.0
05-01-2019,20.9,7.6,13.3,9.2,113.0,1018.6,17.4,1.0,263.0,411.27,64.97,60.35,90.67,56.49,2.22,15.6,36.33,8.52,47.36,439.0
06-01-2019,19.2,10.5,14.2,10.9,26.8,1017.9,53.0,1.5,174.85,254.37,28.3,51.94,54.18,55.71,1.5,13.9,31.48,5.22,30.64,370.0
07-01-2019,19.5,8.0,12.9,10.5,277.0,1019.7,25.0,1.1,181.5,283.58,49.0,52.45,72.14,56.06,1.61,15.86,27.11,5.31,32.92,331.0
08-01-2019,19.6,8.0,12.8,9.9,281.8,1018.1,29.5,0.7,156.15,241.73,31.32,48.95,54.76,49.69,1.33,14.63,27.37,4.22,23.24,339.0
09-01-2019,20.3,7.0,13.3,8.0,281.8,1017.3,0.0,2.1,143.85,238.0,26.14,49.49,50.88,43.53,1.32,15.08,30.9,3.98,21.46,321.0
10-01-2019,20.5,7.5,13.1,7.4,270.1,1016.9,13.4,1.8,165.9,277.87,54.31,58.22,80.36,44.67,1.76,16.87,30.92,5.19,31.97,317.0
11-01-2019,21.5,6.7,14.0,8.1,51.5,1018.3,16.8,1.6,278.51,431.0,118.55,76.71,151.4,56.53,2.91,20.2,35.61,9.66,68.57,400.0
12-01-2019,22.0,8.8,14.8,9.0,133.2,1017.4,43.7,1.3,310.55,465.71,117.23,85.14,148.93,63.46,3.1,17.89,39.78,10.34,67.99,480.0
13-01-2019,22.4,9.6,15.8,10.8,308.4,1019.3,25.4,1.2,272.9,402.96,64.96,66.11,94.9,63.66,2.37,17.83,37.53,7.76,47.37,461.0
14-01-2019,19.0,9.0,13.3,5.9,273.3,1019.4,2.1,2.4,94.59,173.86,18.5,42.16,40.87,40.52,1.06,15.05,31.33,2.81,18.32,319.0
15-01-2019,18.7,6.0,11.2,5.6,270.7,1018.4,32.3,2.2,134.37,228.56,36.34,52.45,61.72,39.74,1.37,17.09,29.85,3.93,23.08,248.0
16-01-2019,20.0,6.2,12.6,7.3,105.9,1018.2,52.4,1.3,271.67,421.9,108.12,83.75,142.71,55.19,2.53,20.53,33.75,9.03,50.46,382.0
17-01-2019,21.7,6.3,13.4,8.2,289.6,1017.0,8.2,1.0,359.49,518.69,108.96,84.74,147.7,60.95,3.09,20.15,39.76,10.85,63.67,512.0
18-01-2019,20.8,6.0,12.6,8.2,267.5,1017.2,13.1,1.0,237.96,363.54,56.97,68.58,88.33,48.6,2.06,15.1,30.35,7.08,42.44,435.0
19-01-2019,25.1,7.7,15.1,8.8,257.1,1017.1,14.0,1.5,263.87,402.81,100.7,77.9,133.24,50.3,2.35,18.5,34.75,8.2,52.98,411.0
20-01-2019,28.0,9.5,18.3,10.0,207.2,1015.9,44.1,2.0,314.07,476.89,158.63,106.04,195.81,62.37,3.61,21.59,45.03,11.95,86.46,478.0
21-01-2019,23.0,13.0,16.8,12.8,103.3,1013.1,59.8,1.8,176.24,285.68,58.34,63.04,85.11,57.52,1.77,17.34,32.77,6.41,33.86,412.0
22-01-2019,18.0,13.0,15.2,14.4,105.3,1013.8,66.8,1.8,53.27,72.81,14.1,38.56,34.22,39.73,1.04,12.08,27.01,2.16,18.69,173.0
23-01-2019,18.4,9.8,13.0,11.8,278.5,1017.5,30.0,1.0,134.99,211.72,55.53,48.14,76.5,42.37,1.66,14.21,26.51,5.57,39.11,186.0
24-01-2019,20.8,11.0,14.7,12.4,356.7,1019.6,48.3,1.4,130.33,219.45,37.42,44.11,58.86,41.06,1.47,15.45,30.57,4.8,43.69,327.0
25-01-2019,18.0,10.5,13.8,10.8,313.4,1019.7,49.9,1.8,81.2,136.5,16.96,40.03,38.45,34.17,1.04,14.71,30.01,2.48,27.15,187.0
26-01-2019,18.8,7.3,12.5,6.5,289.6,1022.2,8.5,2.0,101.61,169.51,15.3,38.43,35.94,33.64,1.02,14.48,35.41,2.6,15.93,231.0
27-01-2019,18.5,5.1,11.2,7.1,295.0,1022.6,21.5,1.8,136.5,217.4,19.78,45.27,42.16,35.34,1.13,15.91,33.34,3.2,18.22,275.0
28-01-2019,18.8,6.0,11.9,6.6,274.8,1022.1,0.0,2.6,126.71,212.58,22.97,49.13,46.7,34.49,1.09,15.73,33.6,3.26,19.14,301.0
29-01-2019,19.8,6.0,12.2,6.2,279.2,1020.5,11.1,2.5,142.32,235.07,33.51,51.47,58.67,36.19,1.27,18.59,33.83,3.86,26.0,296.0
30-01-2019,20.2,6.8,13.1,7.1,260.6,1019.1,44.2,1.7,205.74,333.83,61.02,63.7,89.54,42.99,1.78,24.78,35.84,5.47,40.97,342.0
31-01-2019,20.8,10.0,14.6,9.5,104.5,1017.7,62.7,2.1,204.04,334.09,72.47,65.7,101.46,49.6,1.9,20.6,37.52,6.84,46.95,396.0
01-02-2019,21.0,11.9,15.4,12.0,280.4,1018.4,53.7,1.7,178.6,264.58,23.24,50.75,48.72,49.42,1.35,18.07,33.12,4.45,25.13,328.0
02-02-2019,17.6,8.0,12.1,11.3,271.2,1018.7,54.6,0.8,177.23,266.33,17.57,35.89,35.82,43.55,1.25,11.61,30.88,3.87,20.81,337.0
03-02-2019,19.6,10.0,13.2,11.7,278.5,1019.8,19.4,1.0,130.88,209.41,20.77,34.53,37.93,40.43,1.32,11.69,29.44,3.33,19.88,322.0
04-02-2019,22.6,8.0,14.1,10.5,266.3,1020.2,25.5,1.6,144.07,248.49,53.8,52.85,76.95,39.88,1.81,14.14,33.42,4.95,31.63,301.0
05-02-2019,24.6,10.2,16.8,12.4,104.0,1017.5,41.0,1.7,254.75,408.32,122.8,75.89,153.6,53.81,2.94,22.6,46.33,8.85,72.88,397.0
06-02-2019,25.0,13.3,18.6,15.8,115.2,1012.4,33.7,1.7,177.32,270.92,39.1,50.55,62.85,53.76,1.64,15.86,34.4,5.19,32.09,378.0
07-02-2019,18.2,13.3,16.4,15.3,114.4,1010.3,58.8,2.0,65.66,107.8,12.05,30.8,27.94,37.84,0.86,11.22,30.25,2.2,15.31,232.0
08-02-2019,20.1,8.0,13.9,9.8,283.0,1016.4,10.9,2.4,72.24,156.93,31.23,39.24,49.45,29.11,0.95,12.91,30.59,2.86,23.9,136.0
09-02-2019,20.0,8.0,13.6,9.0,280.1,1018.9,0.0,2.6,82.64,166.1,22.67,38.31,41.45,28.42,0.97,13.51,33.55,2.56,20.3,169.0
10-02-2019,20.6,7.0,13.7,9.3,275.0,1020.2,41.9,1.9,143.13,254.94,47.91,49.26,69.38,33.83,1.38,16.7,33.03,4.23,26.94,277.0
11-02-2019,21.8,9.2,15.2,10.1,291.1,1020.5,42.7,2.0,173.1,305.61,72.35,58.56,95.55,39.17,1.79,17.88,37.03,6.01,40.85,332.0
12-02-2019,22.9,11.3,16.7,12.7,10.2,1020.5,42.8,1.4,208.31,357.74,74.17,66.37,101.01,46.24,2.08,20.43,43.29,7.45,58.73,357.0
13-02-2019,25.0,12.4,18.3,13.0,100.6,1019.6,57.3,1.8,198.84,336.41,65.24,70.04,96.09,47.95,1.95,18.94,43.36,6.49,44.96,372.0
14-02-2019,21.0,15.1,17.4,15.0,107.9,1015.2,67.0,1.5,153.78,236.62,27.78,53.15,54.06,45.64,1.42,14.79,32.61,4.75,27.84,349.0
15-02-2019,21.5,13.8,16.7,14.2,277.8,1015.5,57.1,1.7,123.14,194.89,25.13,44.28,45.94,39.19,1.23,15.61,28.15,3.72,23.77,274.0
16-02-2019,19.2,13.0,15.3,13.8,282.0,1017.3,42.4,1.2,112.34,181.77,17.27,33.33,33.34,35.16,1.14,13.08,26.45,2.88,19.27,288.0
17-02-2019,21.0,11.0,15.5,12.3,268.6,1014.2,36.6,1.4,99.18,180.72,23.24,42.59,41.77,31.82,1.1,15.35,34.81,2.85,19.42,247.0
18-02-2019,24.8,12.3,18.1,12.5,131.9,1009.4,56.4,2.1,109.18,214.71,32.98,56.12,56.8,33.82,1.17,16.99,33.69,3.41,25.03,278.0
19-02-2019,23.9,13.2,18.4,14.4,109.4,1012.5,47.1,2.0,125.93,229.68,40.67,55.44,65.95,41.33,1.56,16.17,36.66,3.95,32.77,232.0
20-02-2019,20.8,15.0,18.1,15.9,84.4,1017.4,65.3,2.0,102.07,185.34,38.46,51.88,63.41,41.41,1.4,17.48,23.68,4.36,37.11,304.0
21-02-2019,27.8,15.0,21.0,15.3,103.2,1016.1,48.1,3.2,73.67,177.85,46.44,47.15,67.04,38.24,1.37,20.4,34.41,3.83,28.06,158.0
22-02-2019,23.0,15.0,18.7,14.7,289.2,1016.8,41.1,2.3,74.05,147.75,25.55,33.95,41.61,39.11,1.07,14.14,28.45,3.33,22.16,191.0
23-02-2019,22.0,9.0,16.4,9.7,284.7,1015.3,34.9,3.2,56.59,114.54,11.62,36.12,30.5,26.26,0.88,15.84,37.26,2.14,14.14,116.0
24-02-2019,23.6,13.0,17.1,9.7,270.6,1012.0,35.1,2.8,89.41,161.15,19.34,46.26,42.89,29.95,1.05,19.17,38.02,2.49,20.83,169.0
25-02-2019,25.0,11.0,17.2,9.8,71.5,1011.1,48.4,2.7,92.51,171.93,35.85,53.86,62.0,34.51,1.27,18.2,42.49,3.15,28.67,221.0
26-02-2019,21.0,11.7,15.7,9.4,86.1,1011.3,63.0,3.0,60.06,120.3,24.36,50.31,48.45,32.19,0.96,16.99,32.19,2.54,26.0,144.0
27-02-2019,19.0,11.3,15.0,9.6,340.8,1011.5,45.8,3.2,47.34,91.98,14.25,35.07,33.41,26.57,0.81,12.35,31.38,1.73,19.04,111.0
28-02-2019,21.3,9.0,15.0,8.9,297.3,1015.3,21.6,2.8,96.28,180.26,40.92,45.02,60.89,31.23,1.28,17.08,35.95,3.16,29.53,198.0
01-03-2019,23.3,8.7,16.3,8.1,286.3,1015.8,9.6,2.9,94.06,181.22,37.55,48.87,60.61,30.2,1.18,15.88,37.75,3.1,32.83,222.0
02-03-2019,18.7,13.0,15.6,12.3,73.1,1015.9,74.0,2.0,109.94,181.65,40.68,62.05,70.66,36.48,1.37,18.13,25.07,4.59,39.16,227.0
03-03-2019,22.1,12.0,16.6,13.9,118.5,1012.6,57.3,2.3,62.75,105.07,20.21,40.61,41.09,30.98,1.16,13.63,33.59,2.36,23.88,171.0
04-03-2019,23.7,12.3,18.2,14.5,287.4,1009.8,31.1,1.9,105.56,180.95,49.62,40.1,67.55,37.26,1.55,14.9,38.13,3.91,30.88,217.0
05-03-2019,23.0,12.0,17.7,12.1,280.8,1010.8,27.4,2.5,68.78,135.05,18.77,40.05,37.94,28.71,1.02,14.43,36.3,2.81,19.58,173.0
06-03-2019,24.1,11.0,17.7,10.4,281.2,1011.9,10.7,2.9,83.31,167.85,32.02,45.3,53.83,29.05,1.27,15.39,33.71,3.47,26.99,189.0
07-03-2019,26.0,10.4,18.7,10.1,276.5,1012.3,2.6,2.8,104.48,212.74,55.04,51.9,78.33,32.79,1.5,16.64,39.32,5.13,37.84,228.0
08-03-2019,26.0,13.2,19.8,11.9,1.9,1013.8,19.5,3.0,92.5,199.49,38.94,51.75,63.98,32.86,1.28,17.75,37.86,4.37,35.89,220.0
09-03-2019,26.2,14.2,20.1,11.6,304.5,1013.9,17.1,3.5,73.56,161.87,20.1,40.84,41.64,30.68,1.0,17.55,33.51,2.98,25.27,194.0
10-03-2019,26.8,11.5,19.6,9.8,282.5,1014.2,6.8,3.6,74.11,163.31,20.28,44.17,43.2,27.17,0.98,16.6,44.11,3.17,20.64,157.0
11-03-2019,27.8,14.5,21.4,12.7,131.0,1013.4,40.4,3.4,82.32,204.91,27.71,52.91,53.94,30.69,1.25,18.61,42.09,4.14,26.71,190.0
12-03-2019,27.0,15.2,21.1,12.6,334.6,1015.6,46.1,3.2,57.46,129.11,14.64,37.45,34.98,29.97,0.94,14.01,37.15,2.71,27.9,148.0
13-03-2019,24.8,16.0,20.1,12.2,339.8,1015.9,60.0,3.3,89.65,231.46,31.0,57.03,59.86,32.39,1.29,22.57,33.94,4.35,36.01,167.0
14-03-2019,24.0,13.4,18.0,12.8,324.5,1016.8,53.6,2.7,111.48,217.91,45.43,48.81,69.01,39.07,1.37,17.87,28.81,5.55,41.47,281.0
15-03-2019,25.8,11.0,18.6,12.7,291.6,1018.2,15.1,2.5,74.79,143.62,30.36,41.27,50.74,32.74,1.0,16.45,33.4,3.42,26.12,182.0
16-03-2019,26.0,13.0,19.6,12.4,283.6,1016.6,27.5,3.1,68.75,140.34,15.28,40.6,37.43,27.95,0.93,15.97,43.66,2.64,18.36,143.0
17-03-2019,27.8,14.0,21.1,12.3,279.2,1014.6,29.7,3.2,93.51,183.28,26.28,46.88,50.26,30.56,1.07,20.14,42.0,3.63,24.62,198.0
18-03-2019,28.1,13.8,21.1,12.8,284.7,1014.1,15.8,2.9,100.4,201.16,30.43,50.33,56.61,32.06,1.19,20.7,43.21,3.96,26.19,221.0
19-03-2019,30.9,14.7,22.7,13.4,264.9,1010.5,10.9,2.7,103.79,226.3,43.9,55.47,71.06,33.86,1.29,21.0,40.14,4.75,33.42,239.0
20-03-2019,34.0,17.4,25.7,14.3,145.0,1008.7,40.9,2.9,90.31,236.92,37.34,54.67,64.3,36.5,1.33,21.88,40.41,4.77,30.26,234.0
21-03-2019,31.5,18.8,25.1,13.3,341.1,1012.1,34.3,3.1,112.45,197.3,20.46,34.63,37.11,39.26,1.34,20.47,46.64,4.93,19.01,271.0
22-03-2019,29.8,17.0,23.5,10.2,291.1,1014.4,11.5,3.8,38.58,119.81,13.54,32.19,28.73,27.85,0.75,16.35,46.73,1.88,11.13,140.0
23-03-2019,30.1,16.0,23.2,11.5,281.0,1013.6,11.9,3.6,55.87,137.94,8.76,34.57,27.32,26.54,0.9,17.84,52.24,2.19,12.82,131.0
24-03-2019,31.9,15.0,24.0,12.8,292.3,1012.0,9.0,3.5,53.31,133.29,12.55,34.25,30.81,27.52,0.82,19.4,42.57,2.06,17.25,125.0
25-03-2019,30.1,17.0,23.0,14.4,291.8,1012.3,43.0,3.4,65.15,150.13,11.9,34.84,30.48,30.32,0.93,20.69,36.06,2.5,17.13,136.0
26-03-2019,30.0,16.0,23.2,14.0,280.8,1013.5,5.2,3.3,76.0,168.66,16.61,40.8,37.75,29.95,1.04,19.66,41.35,3.17,19.41,162.0
27-03-2019,31.2,16.0,24.6,13.1,281.7,1014.3,25.5,3.5,78.63,185.01,26.56,49.68,50.71,29.54,1.23,20.72,43.23,3.88,24.64,177.0
28-03-2019,35.0,17.6,26.3,15.5,271.9,1012.0,10.9,3.2,116.4,259.32,55.47,60.18,81.85,34.47,1.75,25.3,48.44,6.48,44.65,245.0
29-03-2019,36.7,20.5,28.6,16.9,280.1,1008.9,12.6,3.5,113.02,256.47,62.67,60.4,89.35,40.53,1.79,19.96,46.51,6.68,53.09,273.0
30-03-2019,39.0,22.0,30.2,17.2,29.5,1007.8,26.9,3.2,102.79,237.92,38.68,53.75,64.31,41.4,1.5,22.98,51.49,5.2,37.1,252.0
31-03-2019,34.1,22.4,28.4,12.9,286.1,1008.9,27.1,3.7,59.28,177.31,15.14,38.42,35.27,32.06,0.95,19.35,48.72,2.47,16.9,198.0
01-04-2019,33.8,16.0,26.6,11.3,277.7,1009.1,0.0,3.7,59.07,169.91,11.3,38.55,32.02,27.21,0.88,20.41,54.95,2.37,13.17,151.0
02-04-2019,35.0,17.7,27.1,11.8,284.6,1009.7,4.8,3.9,90.16,211.47,29.38,55.76,57.47,29.3,1.19,24.84,54.67,3.97,25.67,194.0
03-04-2019,36.2,19.0,27.9,12.8,273.5,1008.7,12.8,3.7,85.17,205.01,30.83,54.91,58.01,30.85,1.32,22.02,51.06,4.01,29.48,208.0
04-04-2019,39.0,20.7,29.8,15.1,250.1,1009.3,9.4,3.6,120.25,269.47,53.23,63.62,81.06,37.04,1.81,29.62,60.25,6.32,40.78,259.0
05-04-2019,40.0,21.5,30.8,15.6,270.5,1008.2,10.7,3.4,126.04,280.76,61.96,64.7,90.76,41.23,1.97,29.21,57.0,6.37,41.15,284.0
06-04-2019,38.6,23.9,31.9,15.1,325.0,1006.9,22.7,3.6,97.07,302.33,29.62,48.72,53.28,37.35,1.33,23.63,50.84,4.66,29.79,268.0
07-04-2019,35.0,23.0,30.0,19.8,109.0,1006.1,40.2,2.5,153.12,351.85,31.7,44.64,52.96,52.01,1.49,21.86,53.16,5.68,26.38,314.0
08-04-2019,36.0,21.8,28.0,16.9,61.1,1007.2,29.7,2.8,81.93,279.4,24.07,45.87,47.31,41.0,1.07,15.41,51.32,2.78,22.39,283.0
09-04-2019,37.0,22.3,29.6,16.9,60.7,1006.8,13.3,3.5,88.01,223.7,33.85,53.88,60.44,38.26,1.43,22.51,57.86,4.76,30.78,240.0
10-04-2019,38.8,22.9,31.3,16.4,299.5,1008.0,4.4,3.5,102.23,246.99,55.11,56.82,80.11,40.97,1.78,21.23,50.86,5.89,36.53,263.0
11-04-2019,38.9,24.5,32.0,15.0,314.6,1007.8,18.1,4.0,70.53,203.72,29.03,47.54,53.99,34.96,1.23,21.86,48.59,3.25,31.68,196.0
12-04-2019,37.0,25.0,30.6,15.8,345.7,1008.4,26.2,3.8,61.83,216.58,19.27,40.09,40.63,34.06,1.13,19.77,51.94,2.74,27.51,200.0
13-04-2019,38.0,23.7,31.2,14.9,326.7,1008.9,4.7,3.9,56.23,175.82,15.35,37.89,35.19,33.66,1.06,21.15,45.3,2.33,24.79,174.0
14-04-2019,39.0,24.0,31.6,14.5,307.6,1008.8,7.1,4.1,51.89,168.21,15.19,36.61,34.28,29.84,1.04,20.95,41.86,1.99,20.14,149.0
15-04-2019,40.0,27.0,33.2,14.4,299.2,1006.7,21.4,3.9,54.9,186.96,29.69,41.92,50.81,29.21,1.31,22.4,42.3,2.73,23.68,161.0
16-04-2019,30.5,21.0,25.8,16.9,153.6,1010.2,75.7,2.8,59.46,186.28,17.1,35.01,35.08,30.98,1.13,12.78,47.49,2.55,17.18,204.0
17-04-2019,28.8,19.0,23.1,16.2,151.8,1011.0,64.0,2.7,22.38,62.24,9.73,26.84,23.56,26.7,0.93,11.36,45.44,1.14,9.48,101.0
18-04-2019,30.8,18.0,24.6,15.5,339.1,1012.0,27.1,3.7,39.1,91.54,15.97,39.07,35.02,26.28,1.04,15.42,50.12,2.24,16.04,104.0
19-04-2019,32.0,19.0,26.2,15.0,255.6,1009.6,14.5,3.6,71.63,154.67,26.94,47.56,49.15,29.85,1.25,21.66,45.45,3.11,21.12,151.0
20-04-2019,34.8,15.9,28.0,14.8,260.7,1007.0,18.1,3.5,90.26,192.05,30.3,55.28,56.28,29.35,1.43,26.52,55.67,3.77,20.11,199.0
21-04-2019,37.2,22.3,30.4,14.3,262.2,1005.2,11.5,3.4,94.9,217.4,44.24,58.95,69.32,31.53,1.67,22.52,50.13,4.41,29.0,225.0
22-04-2019,38.2,23.8,31.7,16.2,268.8,1005.3,7.5,3.1,110.03,254.68,48.31,61.72,74.42,36.99,1.89,29.98,56.24,5.86,35.41,245.0
23-04-2019,40.4,24.4,33.0,16.6,255.1,1006.0,11.1,3.5,104.33,275.61,56.94,63.45,83.46,38.2,1.93,26.29,53.24,6.18,45.43,257.0
24-04-2019,41.4,28.8,34.9,17.8,141.0,1007.0,26.2,3.3,86.21,261.82,12.55,51.58,39.67,37.64,1.43,19.67,61.45,3.73,24.06,232.0
25-04-2019,42.2,28.7,34.1,20.4,80.5,1006.9,32.6,2.7,86.67,273.79,9.48,39.89,30.31,40.86,1.32,18.08,65.26,3.35,22.9,249.0
26-04-2019,40.4,26.1,33.5,14.9,292.8,1006.7,10.0,3.1,82.68,243.43,30.38,50.69,52.86,32.2,1.35,26.49,47.45,4.56,34.12,222.0
27-04-2019,41.0,27.0,34.6,12.2,284.9,1005.9,0.0,3.6,73.43,300.25,15.19,39.8,34.4,28.15,1.07,21.88,52.16,2.94,22.38,245.0
28-04-2019,41.2,26.0,34.4,10.1,285.3,1004.8,0.0,3.1,77.01,285.15,17.66,40.9,35.31,25.63,1.08,19.86,54.0,2.53,24.94,265.0
29-04-2019,42.2,25.0,34.4,10.8,279.8,1004.1,0.0,3.2,84.58,274.24,33.17,52.04,53.91,27.82,1.33,23.31,50.32,4.04,31.13,255.0
30-04-2019,43.2,25.3,35.4,12.5,129.9,1001.2,21.4,3.1,96.32,283.28,32.91,59.32,57.61,31.91,1.66,26.19,57.54,4.88,32.33,257.0
01-05-2019,41.4,26.0,34.3,14.5,53.3,1000.4,27.1,2.9,112.34,323.81,35.18,63.15,58.94,36.73,1.62,27.71,65.95,4.93,29.8,284.0
02-05-2019,39.7,27.4,32.7,16.2,52.4,1002.5,52.4,2.9,78.23,281.13,20.46,43.19,36.46,36.44,1.2,18.33,65.33,3.22,23.79,274.0
03-05-2019,38.9,24.2,30.6,16.8,76.8,1004.9,44.3,3.6,51.96,149.6,25.52,49.82,43.92,32.34,1.1,17.88,64.36,2.63,20.49,200.0
04-05-2019,39.0,23.8,31.7,13.0,288.0,1006.7,15.5,3.5,77.91,195.1,38.81,59.78,54.6,30.39,1.3,17.23,46.34,3.01,23.06,182.0
05-05-2019,39.2,21.6,32.0,10.5,268.9,1007.0,7.1,3.3,101.37,245.06,39.94,55.16,57.99,22.41,1.52,19.29,52.97,2.52,20.25,231.0
06-05-2019,41.0,24.5,33.2,11.8,261.3,1004.3,0.0,3.0,118.61,293.78,62.99,70.81,84.3,31.51,1.93,23.49,55.91,5.16,36.38,267.0
07-05-2019,41.2,23.8,33.3,12.9,258.6,1002.9,10.1,2.6,128.99,377.46,79.63,69.77,103.77,35.25,1.99,22.64,40.32,5.55,40.03,309.0
08-05-2019,41.9,25.8,34.5,14.4,260.3,1003.0,11.5,2.8,143.53,413.2,77.12,60.85,100.34,35.57,2.0,26.01,47.34,6.66,50.14,386.0
09-05-2019,41.8,29.0,35.2,14.1,258.9,1002.2,5.7,2.9,137.17,413.41,34.13,51.13,57.35,30.33,1.51,23.61,50.71,4.95,34.37,387.0
10-05-2019,41.2,29.9,34.8,15.4,258.4,1003.0,31.0,3.1,95.28,318.11,16.0,38.05,34.62,25.68,1.03,17.4,52.66,3.12,21.51,331.0
11-05-2019,39.2,25.0,33.0,17.2,281.5,1005.4,29.5,2.8,102.0,289.1,14.21,42.02,35.69,30.12,1.15,21.74,62.02,3.25,24.15,265.0
12-05-2019,38.4,27.0,32.7,17.3,275.1,1005.3,32.2,2.2,178.27,452.35,12.49,40.68,33.4,29.53,1.22,19.56,57.85,2.81,16.68,348.0
13-05-2019,40.0,25.0,31.7,18.2,264.2,1003.8,31.0,2.2,169.72,350.52,19.85,50.88,44.98,36.48,1.5,33.95,67.84,4.55,23.44,373.0
14-05-2019,35.1,24.0,30.0,18.7,292.5,1005.0,32.8,3.3,58.47,124.53,11.9,37.53,30.36,33.9,1.04,13.52,54.85,2.12,19.45,216.0
15-05-2019,35.0,23.0,29.2,19.9,44.1,1006.2,44.3,2.8,84.76,191.01,31.89,57.75,59.46,43.8,1.53,21.27,41.85,5.09,33.65,193.0
16-05-2019,36.2,25.2,30.4,19.5,287.5,1006.9,40.7,3.5,75.9,216.2,26.79,50.99,51.51,44.72,1.39,15.61,46.97,4.18,30.24,192.0
17-05-2019,36.8,21.0,28.3,19.8,300.1,1006.4,49.1,3.0,92.88,313.75,33.84,45.67,54.56,41.4,1.31,13.42,46.42,3.88,31.7,255.0
18-05-2019,32.8,21.0,27.0,19.2,281.4,1006.9,32.2,3.2,42.54,99.68,11.87,33.79,29.15,39.74,1.04,11.01,45.46,2.45,19.15,166.0
19-05-2019,37.2,24.3,31.2,16.3,270.5,1006.9,4.0,3.0,81.96,162.61,17.04,45.8,40.46,35.4,1.24,17.57,59.34,3.38,20.19,167.0
20-05-2019,40.0,24.8,32.8,15.3,270.8,1007.2,15.2,3.3,93.64,218.19,34.09,56.55,61.22,35.13,1.36,20.05,53.31,4.44,26.97,216.0
21-05-2019,41.2,26.5,33.9,15.7,260.3,1005.7,40.7,3.2,77.62,193.54,20.21,47.58,44.25,32.12,1.23,20.37,55.06,3.74,21.91,206.0
22-05-2019,39.0,27.4,33.0,17.6,247.2,1004.2,49.7,3.3,64.43,199.89,32.04,51.8,57.11,32.83,1.52,17.04,38.34,4.26,26.58,166.0
23-05-2019,40.1,25.6,32.1,18.8,279.6,1003.2,56.8,2.8,92.3,228.69,36.6,52.71,60.95,36.98,1.51,21.97,55.29,5.65,33.85,228.0
24-05-2019,33.0,25.3,29.4,20.5,339.9,1005.2,39.6,3.5,44.02,117.97,20.82,40.33,40.59,45.86,1.23,12.04,31.11,3.54,30.14,150.0
25-05-2019,37.0,26.0,31.5,17.2,290.4,1004.7,2.1,3.9,43.85,117.76,11.83,34.52,29.66,33.81,1.01,13.21,51.47,2.71,17.92,124.0
26-05-2019,39.2,24.5,33.0,14.0,285.5,1003.1,0.0,3.9,55.3,136.49,13.32,41.51,34.89,27.2,1.07,18.18,59.94,2.58,22.4,135.0
27-05-2019,42.2,26.4,34.9,12.1,286.9,1002.8,12.2,3.7,64.97,172.21,26.16,53.92,53.14,28.45,1.31,19.07,53.59,3.51,28.95,162.0
28-05-2019,42.3,24.5,35.1,9.4,278.1,1002.5,0.0,3.9,66.09,182.97,37.41,61.45,66.06,29.84,1.33,20.68,54.43,4.55,29.16,175.0
29-05-2019,43.2,26.3,36.1,12.8,272.1,1000.8,0.0,4.0,74.15,201.4,34.62,65.84,68.16,29.53,1.47,23.73,57.99,5.0,33.57,191.0
30-05-2019,45.0,28.6,37.3,12.8,272.7,999.4,7.8,3.5,85.59,246.06,69.58,71.8,97.8,33.5,1.76,22.23,49.58,7.97,50.09,226.0
31-05-2019,45.2,29.6,37.2,13.1,269.8,999.6,14.2,3.4,89.17,332.48,44.18,56.83,69.0,34.26,1.49,19.94,58.49,4.9,30.75,263.0
01-06-2019,43.2,29.5,37.3,18.3,62.7,999.7,10.5,3.6,95.51,288.44,45.28,57.24,69.74,40.73,1.58,21.87,64.56,5.91,33.16,287.0
02-06-2019,42.4,32.0,36.8,22.6,88.4,999.7,14.4,3.2,73.39,218.93,10.15,32.22,26.31,48.12,1.08,14.3,60.84,2.54,13.0,221.0
03-06-2019,40.8,30.9,35.4,22.1,106.8,1000.5,2.6,3.0,67.32,299.77,11.7,30.33,26.82,43.32,1.04,12.74,60.03,1.88,7.91,229.0
04-06-2019,41.0,29.9,35.5,21.5,90.1,1000.9,30.8,3.2,55.15,171.19,14.93,36.0,32.65,34.34,1.15,13.82,65.82,2.29,15.97,208.0
05-06-2019,43.0,31.0,36.9,20.8,83.4,1000.4,34.8,3.5,73.71,208.5,14.43,42.68,36.36,35.7,1.3,16.08,59.78,3.3,19.37,189.0
06-06-2019,44.0,30.3,36.7,17.6,348.5,1000.7,42.0,3.6,71.12,236.29,20.85,44.85,42.88,35.27,1.14,16.37,61.04,2.96,23.01,208.0
07-06-2019,40.2,27.3,34.0,20.4,78.7,1003.6,8.1,3.8,54.91,152.37,14.19,35.32,32.74,32.37,1.13,14.62,74.12,2.39,17.69,192.0
08-06-2019,43.0,29.7,36.9,19.0,293.5,1001.9,3.9,3.3,70.24,188.71,23.42,51.0,50.16,38.84,1.5,13.59,63.64,3.14,23.99,184.0
09-06-2019,45.0,28.9,37.2,16.6,6.2,999.3,3.2,3.2,101.19,264.68,57.24,62.84,85.14,35.74,1.88,22.04,69.14,6.06,39.17,237.0
10-06-2019,47.0,29.4,39.0,13.9,286.9,996.7,0.3,3.5,75.01,232.56,47.15,61.53,76.01,36.64,1.64,15.28,55.95,4.61,33.96,230.0
11-06-2019,45.0,33.6,38.7,14.6,279.8,996.7,36.9,2.6,119.44,483.07,44.64,49.86,65.68,32.16,1.43,13.62,39.96,3.6,29.43,309.0
12-06-2019,41.2,30.2,35.6,18.9,95.9,999.2,37.9,2.7,60.36,239.72,16.55,30.46,30.61,34.98,0.94,11.67,62.12,2.09,14.01,276.0
13-06-2019,41.4,30.0,36.0,19.9,230.4,999.8,39.8,3.4,53.01,189.61,13.33,34.53,31.46,30.0,1.05,11.94,52.93,2.07,16.74,187.0
14-06-2019,43.4,30.8,36.8,14.9,262.1,998.7,12.3,3.7,53.97,187.53,18.67,37.07,37.54,23.77,1.1,13.06,59.31,2.44,20.64,166.0
15-06-2019,43.2,29.5,37.1,14.2,264.6,998.1,32.3,3.4,82.17,273.73,26.39,47.15,49.69,23.84,1.22,17.76,57.41,3.9,25.9,216.0
16-06-2019,36.0,28.0,31.5,20.5,260.7,1000.6,58.9,3.0,42.38,159.92,11.58,20.56,21.83,24.86,0.82,9.66,46.81,1.13,11.88,202.0
17-06-2019,32.6,26.3,30.4,19.4,256.9,1000.1,67.3,3.5,40.4,136.29,13.34,27.51,26.75,26.8,0.91,11.24,40.56,1.84,14.53,124.0
18-06-2019,35.0,22.0,27.8,19.2,311.1,1001.7,54.4,3.5,30.59,85.02,15.97,32.32,31.79,25.6,1.05,8.05,48.99,2.04,21.82,119.0
19-06-2019,37.0,26.0,31.1,20.7,113.0,1000.7,44.7,3.3,80.28,222.86,17.37,37.14,36.51,35.53,1.13,12.77,61.02,3.1,22.93,173.0
20-06-2019,39.0,25.0,32.2,20.6,84.1,1001.7,19.5,3.8,43.07,130.97,10.57,31.19,26.95,29.5,0.94,9.8,68.57,1.85,12.1,174.0
21-06-2019,39.2,29.2,34.2,22.1,288.6,1001.7,42.9,3.5,71.46,187.68,13.56,44.78,37.67,32.14,1.23,12.28,59.68,3.2,22.99,177.0
22-06-2019,40.2,28.2,35.0,20.7,3.1,1000.9,5.3,3.8,68.34,177.46,12.77,44.12,37.1,32.1,1.14,15.16,69.18,3.15,22.7,185.0
23-06-2019,40.1,29.0,34.7,23.4,93.4,1001.2,19.6,3.9,42.22,125.85,6.64,23.02,19.84,31.36,0.97,10.15,57.33,1.63,9.34,152.0
24-06-2019,35.2,28.0,31.1,24.1,78.1,1003.2,61.7,3.5,26.46,85.51,9.51,25.93,22.57,28.84,0.92,10.81,37.78,1.57,10.6,117.0
25-06-2019,38.8,28.9,33.3,24.2,79.0,1002.2,54.7,3.3,53.79,119.83,11.18,32.24,29.27,28.87,1.08,12.01,54.02,2.77,19.35,131.0
26-06-2019,41.2,30.8,35.9,23.0,286.4,999.5,30.9,3.3,67.6,155.88,15.67,37.39,34.44,30.64,1.17,13.03,46.26,2.82,20.96,161.0
27-06-2019,39.0,30.1,35.0,21.4,280.5,997.6,26.3,3.1,65.6,230.39,17.87,39.94,38.24,29.35,1.17,13.62,46.84,2.9,21.93,168.0
28-06-2019,41.4,28.6,35.2,20.4,272.7,996.6,33.1,3.4,61.37,238.12,19.71,38.37,37.84,27.53,1.03,14.59,38.39,3.09,19.87,205.0
29-06-2019,42.2,31.3,37.4,19.7,267.5,995.7,31.2,3.3,58.61,270.1,16.84,34.56,35.19,23.72,0.94,12.12,37.99,2.54,19.46,219.0
30-06-2019,42.3,32.1,37.5,20.7,295.0,996.0,47.1,3.2,65.69,270.14,22.46,33.03,39.12,25.87,1.06,12.96,44.4,2.84,21.43,230.0
01-07-2019,41.2,31.6,36.2,21.2,279.4,997.4,23.8,3.3,57.72,189.73,10.44,31.09,27.68,26.07,0.96,12.33,58.0,2.06,16.61,195.0
02-07-2019,41.0,31.3,35.4,22.8,12.9,998.5,31.7,2.8,72.09,233.49,7.78,28.13,23.43,27.24,1.01,12.13,64.82,2.18,17.76,201.0
03-07-2019,38.5,30.7,34.8,23.9,96.2,999.2,46.0,3.4,40.22,113.88,7.3,26.57,21.33,33.05,1.0,9.83,42.31,1.77,8.98,161.0
04-07-2019,37.0,27.0,31.7,25.0,134.0,998.2,64.4,2.9,37.04,88.53,12.82,29.23,27.0,28.65,1.14,9.81,28.2,2.4,20.84,110.0
05-07-2019,34.0,28.0,29.8,25.6,133.7,996.5,68.3,2.3,48.56,100.0,18.04,34.77,34.24,37.63,1.21,11.1,22.68,3.05,23.48,113.0
06-07-2019,36.5,27.5,31.9,25.1,109.8,995.1,52.5,2.8,34.2,87.28,12.04,29.91,26.12,36.77,1.02,10.23,33.71,2.01,14.93,99.0
07-07-2019,35.8,28.4,31.8,25.1,248.8,995.9,48.1,3.1,38.86,92.03,11.02,28.87,25.63,32.3,1.1,10.71,38.66,2.06,13.0,100.0
08-07-2019,36.0,29.0,32.7,25.5,175.2,996.1,61.2,2.9,49.36,149.13,12.56,32.85,28.57,33.43,1.16,10.68,35.11,2.32,15.03,128.0
09-07-2019,34.0,29.0,31.2,25.1,196.6,996.0,68.5,2.8,42.83,128.78,11.93,30.38,26.68,32.19,1.13,9.52,25.75,2.03,17.97,130.0
10-07-2019,37.2,29.1,33.6,25.2,231.6,995.0,62.3,2.7,69.73,277.46,13.97,31.36,29.11,33.73,1.05,10.46,28.65,2.35,15.86,149.0
11-07-2019,39.0,32.0,35.1,24.0,245.5,995.4,50.2,2.7,77.71,350.69,15.0,29.87,29.36,32.06,0.98,9.69,29.84,2.14,20.28,295.0
12-07-2019,38.1,31.5,34.7,24.2,243.6,997.8,63.1,2.6,76.94,361.05,14.0,26.97,27.19,33.13,1.05,8.97,28.38,2.0,17.51,290.0
13-07-2019,39.2,32.0,35.2,23.5,251.5,998.4,48.3,2.9,63.72,293.78,11.09,23.13,22.98,28.61,0.98,9.14,30.81,1.9,18.12,306.0
14-07-2019,37.4,30.8,34.0,23.9,254.3,997.4,58.2,2.8,63.57,280.44,11.36,25.1,24.71,26.67,0.96,9.89,32.77,1.55,13.64,239.0
15-07-2019,34.4,23.8,28.7,24.1,69.2,997.4,69.2,2.8,42.35,138.22,11.57,27.17,26.07,25.07,1.11,10.44,27.23,1.9,17.69,178.0
16-07-2019,36.0,25.7,28.8,24.5,70.7,1000.7,70.0,3.3,31.65,79.82,8.59,27.54,23.74,26.39,1.06,9.69,30.05,1.91,19.39,117.0
17-07-2019,31.8,24.0,27.5,24.5,334.7,1001.8,67.9,2.9,32.11,68.33,11.08,28.44,26.68,25.91,1.05,8.92,31.48,2.2,21.58,92.0
18-07-2019,30.0,23.0,26.9,24.3,205.9,1001.8,69.1,2.8,33.1,78.11,19.36,37.14,37.88,26.54,1.24,8.96,30.75,2.24,20.68,97.0
19-07-2019,36.0,26.2,31.0,24.7,82.3,1001.5,44.9,3.2,63.07,158.49,29.13,40.79,49.35,30.83,1.41,10.06,49.9,3.24,29.91,142.0
20-07-2019,35.7,26.0,30.1,26.0,84.3,1002.4,64.6,2.8,46.44,118.08,14.59,37.1,34.22,34.1,1.15,8.65,29.1,2.4,23.59,137.0
21-07-2019,36.2,25.8,29.8,26.2,101.6,1001.9,53.5,2.8,50.62,105.7,23.14,33.89,40.01,37.02,1.4,8.9,32.04,2.63,25.82,122.0
22-07-2019,35.8,27.2,30.7,27.0,71.0,1000.7,52.7,2.6,60.24,120.01,31.57,33.03,45.91,43.72,1.56,9.05,34.79,2.97,28.13,124.0
23-07-2019,37.2,29.4,33.3,26.9,86.1,999.3,50.1,2.9,72.79,154.42,26.12,39.89,46.01,45.51,1.62,9.1,40.16,2.89,30.58,156.0
24-07-2019,38.2,27.9,32.7,26.7,196.7,997.9,64.1,2.8,63.38,156.85,22.05,40.29,42.88,44.36,1.41,8.93,33.1,2.43,24.96,165.0
25-07-2019,29.8,27.0,28.3,25.2,199.2,1000.0,68.0,2.8,23.03,63.79,16.78,33.52,33.55,37.17,0.95,8.89,22.78,1.73,15.49,97.0
26-07-2019,31.6,26.8,28.1,25.9,86.9,998.1,74.5,2.5,30.65,60.77,13.26,31.61,29.95,36.06,0.99,9.02,27.72,2.13,20.61,94.0
27-07-2019,31.8,26.0,28.1,26.3,80.5,997.9,75.0,2.3,26.15,44.83,11.98,25.34,25.46,30.26,1.01,8.74,29.54,2.02,19.24,84.0
28-07-2019,33.7,26.8,29.3,26.3,88.2,999.7,61.9,3.0,21.15,45.94,9.12,21.89,21.22,28.65,0.9,8.49,30.62,1.32,11.94,83.0
29-07-2019,35.6,28.0,30.9,26.3,83.5,1001.2,49.2,3.5,24.55,63.72,10.8,25.11,24.31,31.27,0.93,9.06,29.78,1.55,14.11,82.0
30-07-2019,34.6,28.0,30.7,25.9,81.7,1001.0,58.9,3.7,30.2,82.32,10.37,26.92,25.19,33.49,0.98,9.45,27.42,2.04,18.25,90.0
31-07-2019,33.9,28.0,30.8,26.1,97.1,1000.0,77.7,3.2,30.26,76.22,10.23,26.45,24.98,33.79,0.94,8.88,31.25,1.66,17.14,90.0
01-08-2019,35.9,28.8,31.9,26.3,96.8,999.6,60.2,3.3,34.4,85.41,10.07,28.4,26.51,33.55,0.95,8.9,32.51,1.92,16.39,98.0
02-08-2019,34.6,28.0,30.1,26.2,88.1,998.8,55.1,2.7,35.16,83.86,11.86,30.96,29.14,32.66,1.04,8.56,29.29,2.12,23.16,95.0
03-08-2019,32.4,28.0,29.2,26.4,78.7,998.8,72.7,2.4,38.48,80.3,16.87,31.0,33.32,35.33,1.08,9.55,27.74,2.6,25.99,104.0
04-08-2019,35.2,27.9,30.0,27.2,91.8,997.7,60.6,2.4,46.49,88.25,17.79,30.9,34.32,34.25,1.14,10.12,27.25,2.13,21.23,101.0
05-08-2019,36.4,28.0,30.9,27.4,137.5,996.1,57.1,2.2,51.84,104.19,20.62,34.64,38.54,37.17,1.24,9.46,28.66,2.21,22.03,107.0
06-08-2019,30.0,24.4,27.8,26.8,89.0,996.6,72.2,2.4,30.1,57.45,19.57,34.68,37.25,42.32,1.13,8.26,22.91,2.56,21.95,98.0
07-08-2019,33.8,26.8,30.0,26.4,77.6,996.4,63.1,2.6,32.38,73.33,22.98,31.82,38.88,33.65,1.24,9.86,29.87,3.08,26.4,104.0
08-08-2019,37.5,28.0,32.1,26.6,80.3,995.9,54.8,3.7,27.7,79.36,15.06,28.9,30.82,30.9,1.02,10.7,30.92,2.31,18.91,98.0
09-08-2019,33.7,29.0,31.1,25.4,80.8,998.1,58.1,3.9,14.65,61.06,9.54,22.08,21.86,28.01,0.87,9.35,26.17,1.64,13.28,88.0
10-08-2019,33.6,27.0,30.2,26.0,91.1,998.9,62.2,3.3,16.84,47.73,9.02,22.06,21.47,24.4,0.88,8.53,25.43,1.15,8.92,74.0
11-08-2019,36.0,27.0,31.8,25.9,148.0,1000.2,46.4,3.4,25.7,66.91,11.45,25.93,25.93,25.93,0.97,8.69,26.21,1.13,11.93,82.0
12-08-2019,35.0,28.0,30.6,26.9,244.8,1000.4,65.2,3.2,20.71,51.79,13.19,26.18,27.51,24.89,1.04,8.13,21.46,1.6,14.37,79.0
13-08-2019,35.0,27.0,29.7,26.7,265.3,1000.8,62.2,3.1,21.75,56.01,17.85,27.12,32.07,29.25,1.12,8.36,20.73,1.8,16.93,84.0
14-08-2019,33.8,26.0,29.4,27.0,214.5,1001.9,70.9,2.3,33.21,58.62,16.96,31.9,33.85,29.08,1.21,8.5,31.43,1.96,20.07,92.0
15-08-2019,34.4,25.3,30.4,26.6,70.7,1001.5,68.3,3.1,28.68,56.28,18.56,25.03,32.56,31.29,1.05,8.51,23.58,1.51,15.05,93.0
16-08-2019,31.8,27.0,29.0,25.8,80.0,999.8,70.1,3.1,15.43,36.99,13.71,21.51,26.32,27.58,0.87,8.61,23.59,1.11,8.81,73.0
17-08-2019,28.0,26.0,26.9,25.7,104.1,999.2,82.8,2.6,10.34,19.38,14.08,19.1,24.77,25.82,0.81,7.63,16.51,1.15,8.73,66.0
18-08-2019,29.7,25.9,27.3,25.6,235.4,1002.9,76.3,2.6,15.57,30.62,17.56,20.93,25.39,23.25,0.98,8.53,18.03,1.47,15.75,64.0
19-08-2019,33.8,25.8,29.9,24.9,275.2,1005.0,52.3,2.9,38.49,86.03,26.99,28.59,38.82,25.62,1.32,8.61,28.06,2.82,26.0,97.0
20-08-2019,34.8,28.0,30.6,25.4,287.4,1004.3,53.6,2.8,41.76,95.79,19.92,26.86,31.87,33.03,1.24,8.05,28.41,2.48,21.25,102.0
21-08-2019,35.8,27.0,31.2,25.3,275.3,1002.8,44.3,2.9,46.66,128.91,15.16,32.68,32.26,34.19,1.14,7.83,31.18,2.41,21.47,106.0
22-08-2019,34.3,26.8,29.5,24.4,236.3,1003.3,57.1,2.8,44.28,130.59,23.36,42.21,44.39,34.28,1.22,8.47,25.95,3.18,27.18,124.0
23-08-2019,35.8,27.0,31.0,24.7,282.3,1003.0,47.2,2.9,50.35,142.54,37.04,40.32,54.52,36.4,1.32,8.32,28.57,3.35,29.95,130.0
24-08-2019,33.0,27.9,30.4,25.8,89.8,1003.2,58.1,2.5,60.55,149.78,41.65,41.76,59.19,41.36,1.47,8.74,28.17,3.78,34.04,148.0
25-08-2019,33.5,26.0,28.4,25.3,81.5,1003.8,71.8,2.4,33.36,67.58,11.09,31.71,27.89,34.91,0.92,8.23,24.22,2.07,17.04,107.0
26-08-2019,34.7,26.0,30.5,25.3,79.5,1003.5,60.6,3.2,24.98,68.66,15.89,31.6,31.88,29.89,0.99,8.55,24.07,2.31,21.82,76.0
27-08-2019,35.9,28.0,32.0,25.5,78.9,1002.4,47.7,3.4,40.87,107.35,21.99,34.48,39.32,31.99,1.17,10.05,36.98,2.9,28.38,114.0
28-08-2019,37.6,28.0,32.6,25.8,91.6,1003.4,38.2,3.6,42.1,102.15,19.01,34.62,37.1,34.95,1.08,9.69,34.34,2.6,22.13,118.0
29-08-2019,37.5,29.0,32.3,25.8,110.7,1004.5,44.7,3.4,33.91,89.83,11.52,30.6,27.72,32.6,0.93,8.19,30.97,1.92,14.94,102.0
30-08-2019,35.8,28.0,31.9,25.8,144.6,1002.0,57.3,3.1,43.49,104.59,12.89,32.44,30.15,33.69,1.02,9.38,39.25,1.95,16.5,110.0
31-08-2019,35.8,30.0,32.3,25.9,197.9,999.9,53.3,2.9,56.92,122.95,18.34,40.79,40.39,38.62,1.42,9.11,33.71,2.71,24.16,123.0
01-09-2019,32.8,27.0,29.9,25.7,88.2,1002.2,60.0,3.0,34.9,81.46,12.03,32.08,29.57,41.15,1.11,8.34,31.24,2.02,17.92,123.0
02-09-2019,35.8,27.0,31.4,25.6,78.6,1002.3,48.4,3.0,46.16,101.56,10.33,31.91,27.85,36.31,1.08,8.76,39.18,1.98,20.22,104.0
03-09-2019,35.8,29.0,31.9,26.2,327.0,1001.1,61.5,2.4,70.63,142.45,13.02,36.51,32.78,36.34,1.23,9.0,32.5,2.42,22.45,131.0
04-09-2019,35.6,29.0,31.4,26.8,89.4,1000.8,64.6,2.2,73.06,150.1,10.62,36.99,30.78,37.13,1.24,9.12,36.13,2.41,23.65,165.0
05-09-2019,35.5,28.0,31.0,26.2,105.7,1001.1,59.9,3.0,33.98,89.97,9.99,29.09,25.41,33.31,0.99,9.33,28.87,1.77,17.83,118.0
06-09-2019,36.2,29.0,30.8,25.8,113.5,1000.3,60.9,3.2,35.54,88.67,12.15,30.05,27.49,34.35,1.0,11.02,27.22,2.18,18.77,96.0
07-09-2019,34.8,27.0,30.1,26.0,109.7,1000.9,64.8,2.9,35.16,82.73,14.46,30.9,30.5,30.75,1.02,8.18,24.58,1.88,17.53,94.0
08-09-2019,35.2,27.0,31.0,25.7,45.5,1002.4,56.0,2.7,32.8,76.77,10.61,26.84,24.75,32.14,0.92,8.75,32.4,1.57,17.77,98.0
09-09-2019,36.2,29.0,32.3,25.2,318.7,1001.0,44.3,3.0,56.26,125.8,13.78,30.47,29.46,30.37,1.04,8.46,30.84,1.92,21.65,107.0
10-09-2019,36.7,28.4,32.6,24.8,316.7,1000.3,47.6,2.9,64.54,143.88,16.24,34.12,34.48,29.2,1.1,9.51,40.53,2.37,25.55,138.0
11-09-2019,38.0,29.0,33.0,25.0,138.8,1001.3,40.9,2.7,79.57,173.0,15.86,39.69,37.15,31.57,1.18,9.6,48.95,2.55,26.24,166.0
12-09-2019,36.6,30.0,32.3,26.6,113.0,1002.9,47.4,2.7,57.6,131.97,9.71,34.01,28.38,30.72,1.01,8.97,32.08,1.88,15.84,158.0
13-09-2019,35.8,28.0,31.8,26.1,102.6,1003.8,42.4,3.1,33.58,82.91,9.52,29.75,25.5,28.56,0.91,8.19,27.33,1.54,15.29,102.0
14-09-2019,34.8,28.0,31.2,25.3,84.8,1004.8,56.0,3.3,26.68,69.26,7.91,26.05,21.91,25.04,0.78,8.54,28.64,1.51,14.16,83.0
15-09-2019,33.6,28.0,30.1,25.8,96.3,1004.8,57.9,2.7,35.43,72.65,10.34,27.77,24.91,24.48,0.9,8.58,28.58,1.45,13.98,82.0
16-09-2019,36.0,27.9,31.5,25.3,325.6,1003.4,46.3,2.9,56.54,128.91,19.02,36.18,37.24,26.11,1.13,8.35,35.4,2.31,24.59,111.0
17-09-2019,36.0,28.0,31.4,24.6,152.8,1004.2,48.9,3.0,59.11,135.55,14.08,38.18,34.26,27.51,1.13,8.67,41.22,2.68,22.73,142.0
18-09-2019,34.7,26.8,30.3,23.8,95.4,1008.1,38.5,3.6,35.46,97.01,7.76,31.3,25.04,25.54,0.85,9.46,37.19,1.91,14.57,115.0
19-09-2019,31.8,25.9,28.5,23.6,97.3,1010.4,55.0,3.2,21.8,61.77,7.22,24.15,20.35,22.6,0.78,9.34,27.34,1.61,14.58,79.0
20-09-2019,34.6,25.8,29.7,23.8,108.6,1008.7,45.9,3.5,40.73,105.61,13.55,31.73,30.32,24.91,0.95,10.97,29.76,2.3,21.43,94.0
21-09-2019,34.6,24.0,28.4,24.1,120.4,1007.7,59.2,2.9,39.15,96.24,17.26,31.43,32.82,24.45,0.99,9.7,28.51,2.14,21.21,110.0
22-09-2019,29.0,24.0,26.4,23.7,92.8,1009.6,58.4,3.1,26.48,65.42,17.88,30.66,33.12,26.2,0.89,9.41,21.15,1.94,16.67,84.0
23-09-2019,31.8,24.0,27.4,23.3,101.3,1010.8,57.5,3.1,34.73,83.1,11.33,30.02,27.61,25.37,0.91,9.99,30.49,2.07,17.85,88.0
24-09-2019,33.6,24.4,28.2,23.3,113.9,1011.0,54.6,3.1,35.78,96.54,16.67,34.98,34.14,25.61,0.97,9.15,28.92,2.62,20.16,102.0
25-09-2019,34.6,24.0,28.4,23.2,82.7,1012.2,50.0,3.1,30.44,86.56,11.53,29.99,27.25,24.88,0.91,8.77,28.53,1.94,17.38,99.0
26-09-2019,33.1,26.0,28.7,23.7,78.3,1012.5,51.8,3.7,22.87,69.06,12.62,27.25,26.71,24.04,0.83,10.36,24.16,1.99,19.12,85.0
27-09-2019,31.6,25.0,27.7,23.4,80.8,1011.3,55.0,3.6,15.66,56.72,9.94,24.52,22.68,22.32,0.81,10.16,23.54,2.16,17.83,78.0
28-09-2019,31.7,24.8,27.5,23.2,79.2,1009.5,51.7,3.5,22.44,66.77,11.93,26.18,25.22,21.94,0.78,9.9,22.22,2.95,18.9,77.0
29-09-2019,30.8,24.0,26.8,23.0,88.6,1010.2,63.2,3.3,16.95,50.8,8.13,22.84,19.7,21.99,0.75,8.78,22.84,1.89,12.07,68.0
30-09-2019,30.9,24.0,26.8,23.0,107.8,1009.2,66.2,3.3,29.47,81.76,12.1,27.89,26.39,22.01,0.93,8.21,26.67,2.55,14.89,75.0
01-10-2019,31.9,24.0,27.5,23.4,104.8,1008.4,63.5,3.1,33.85,92.62,12.82,28.0,26.89,23.99,0.98,8.44,26.15,2.64,17.58,98.0
02-10-2019,32.8,23.0,28.0,22.4,79.6,1009.6,34.7,3.1,40.13,96.02,17.97,29.72,32.24,24.63,1.07,8.9,34.94,2.91,14.95,104.0
03-10-2019,34.1,21.5,27.9,21.8,219.7,1009.8,49.5,2.9,57.85,143.32,30.13,36.77,46.78,27.17,1.29,10.42,44.29,4.16,24.7,140.0
04-10-2019,30.8,22.6,26.2,21.6,307.5,1010.9,51.5,3.3,43.17,94.84,17.87,34.07,35.15,26.21,1.02,8.27,32.54,3.06,25.51,113.0
05-10-2019,31.8,22.0,26.6,19.0,291.0,1010.7,29.8,3.7,39.62,107.61,20.52,33.82,36.22,23.56,1.05,7.99,32.66,2.57,19.95,108.0
06-10-2019,32.8,22.0,26.9,19.7,293.0,1011.2,33.9,3.4,58.93,140.22,18.29,36.98,37.52,26.89,1.01,8.58,40.18,2.87,22.52,126.0
07-10-2019,31.6,23.0,26.9,19.8,288.0,1012.5,39.7,3.2,56.1,137.32,13.36,33.46,31.6,26.98,0.93,8.23,36.23,2.38,18.01,133.0
08-10-2019,31.6,21.0,26.4,17.9,269.1,1011.9,0.5,3.9,45.0,116.09,17.58,33.4,34.71,23.12,0.86,8.86,38.81,2.33,14.39,122.0
09-10-2019,33.4,21.5,27.1,18.8,111.0,1011.7,15.1,3.3,77.12,182.26,40.81,45.5,58.38,25.59,1.38,11.9,51.37,4.15,28.39,165.0
10-10-2019,33.7,21.6,27.2,18.1,20.3,1011.2,16.0,3.0,100.89,213.23,34.75,50.32,54.51,29.71,1.35,13.94,53.51,4.53,34.49,208.0
11-10-2019,32.6,21.1,26.9,18.2,282.8,1010.7,6.9,2.9,98.13,202.62,35.13,48.05,53.08,31.79,1.39,11.03,47.07,4.55,30.71,243.0
12-10-2019,32.8,22.0,27.4,19.3,325.8,1011.7,8.0,3.1,103.6,208.66,35.55,48.54,53.06,33.54,1.46,11.29,44.45,4.79,34.05,235.0
13-10-2019,32.8,22.0,27.2,18.9,282.5,1012.1,7.3,2.9,132.73,253.9,43.72,51.27,63.23,34.93,1.67,12.75,44.55,5.18,37.67,282.0
14-10-2019,33.8,21.4,27.0,19.1,337.2,1012.9,16.5,2.8,116.3,237.23,52.78,50.83,68.23,34.7,1.74,11.43,43.59,4.75,35.82,285.0
15-10-2019,33.8,21.5,27.4,19.2,72.0,1013.6,0.0,2.7,133.51,280.71,67.74,58.61,86.5,36.03,2.18,13.29,53.79,6.35,46.87,290.0
16-10-2019,33.6,22.6,27.9,20.3,65.3,1013.8,0.3,2.3,146.52,277.65,39.0,53.03,62.13,38.12,1.76,13.32,55.69,5.62,35.31,320.0
17-10-2019,33.0,22.7,27.5,20.0,88.6,1013.5,0.0,2.3,122.08,242.75,18.94,46.51,42.73,35.08,1.44,15.08,49.68,4.76,29.12,300.0
18-10-2019,33.8,22.2,27.4,18.5,63.1,1013.7,19.8,2.6,90.66,202.25,13.39,39.62,34.81,33.94,1.14,11.37,42.7,3.56,21.29,265.0
19-10-2019,32.0,21.7,26.6,17.7,340.4,1015.2,43.7,2.7,76.68,175.42,31.61,51.37,53.94,33.65,1.19,11.28,43.23,4.32,31.23,170.0
20-10-2019,31.8,20.0,25.9,16.2,280.5,1014.9,26.1,2.6,98.05,202.44,35.0,48.83,53.46,33.32,1.28,10.63,33.47,4.23,28.21,242.0
21-10-2019,31.6,18.6,24.8,15.0,275.0,1013.2,21.0,2.4,115.2,232.99,34.79,51.05,55.42,31.9,1.32,11.2,36.8,4.48,26.23,254.0
22-10-2019,30.8,18.0,24.0,14.4,259.6,1010.3,24.2,2.8,93.38,210.25,34.86,50.05,57.98,29.84,1.37,11.66,39.48,3.88,27.19,243.0
23-10-2019,31.8,17.8,24.5,14.7,265.7,1009.7,0.0,2.6,121.93,265.29,56.07,57.92,80.24,34.38,1.8,14.08,44.15,4.8,32.04,248.0
24-10-2019,31.0,18.6,24.7,16.6,50.0,1010.6,0.0,2.1,173.17,346.46,84.08,67.36,108.93,41.69,2.46,19.01,57.94,6.79,46.99,335.0
25-10-2019,30.5,19.5,24.5,16.4,81.7,1012.0,0.0,2.1,130.05,270.62,42.42,52.55,64.73,37.02,1.72,15.37,52.25,5.1,33.67,330.0
26-10-2019,30.0,18.6,24.3,16.7,95.4,1013.4,17.1,2.2,148.45,290.17,61.19,56.43,83.98,40.14,1.92,12.82,50.59,5.45,36.6,315.0
27-10-2019,31.1,18.9,24.5,15.5,272.6,1012.9,3.7,2.1,198.65,320.46,46.63,48.37,68.91,40.04,1.77,13.47,47.27,5.05,27.85,354.0
28-10-2019,29.8,18.9,24.3,15.2,249.5,1013.4,18.2,1.6,301.74,421.85,35.11,48.45,59.73,40.16,1.77,18.11,42.79,4.74,18.97,416.0
29-10-2019,28.6,19.7,23.9,17.8,232.9,1014.2,50.2,1.5,286.7,441.65,58.36,60.03,86.74,49.0,2.43,12.85,33.2,5.95,34.48,417.0
30-10-2019,30.6,20.7,24.9,16.9,275.1,1012.8,44.9,1.5,279.15,453.57,87.7,63.87,113.63,52.82,2.66,13.59,34.86,6.7,45.29,450.0
31-10-2019,31.8,18.7,24.3,16.5,272.1,1012.1,28.9,1.4,313.4,499.02,99.58,71.37,123.63,55.54,2.92,14.95,38.29,7.49,55.81,458.0
01-11-2019,31.6,18.4,24.8,17.8,341.1,1012.2,34.9,1.2,387.88,584.99,62.6,73.61,96.68,58.29,2.61,15.26,49.77,7.35,52.68,586.0
02-11-2019,29.0,20.0,23.9,18.1,275.5,1013.9,41.1,1.2,319.71,468.23,34.23,54.1,61.32,49.38,1.94,13.07,35.0,5.82,33.61,471.0
03-11-2019,27.0,19.0,22.8,18.4,255.9,1014.7,57.3,0.9,580.87,704.64,28.98,49.67,53.58,56.52,2.39,10.23,33.91,6.43,32.06,656.0
04-11-2019,29.0,19.0,23.4,16.8,263.4,1014.4,26.2,1.9,271.3,385.02,29.75,44.53,51.48,39.67,1.47,11.87,36.82,4.5,27.29,530.0
05-11-2019,29.8,18.0,23.3,14.2,264.0,1011.6,0.0,2.4,189.94,296.4,32.28,44.32,53.16,33.01,1.44,13.35,39.23,3.84,26.15,384.0
06-11-2019,31.6,16.6,23.6,12.5,151.4,1009.4,28.1,2.5,101.12,206.74,57.56,54.77,81.72,31.99,1.53,11.25,29.77,4.1,28.03,265.0
07-11-2019,24.7,18.0,21.0,15.6,76.2,1010.8,57.6,1.8,182.64,293.25,29.02,51.64,54.77,37.3,1.6,12.04,23.72,5.38,35.17,296.0
08-11-2019,29.4,17.2,22.2,15.6,304.4,1013.5,36.5,1.6,154.27,254.13,51.48,52.79,73.74,38.97,1.71,13.87,32.33,5.74,44.27,345.0
09-11-2019,29.3,16.0,22.1,13.8,284.0,1014.2,0.0,2.2,141.0,230.71,35.56,44.01,56.07,35.4,1.37,11.69,30.42,4.25,31.8,321.0
10-11-2019,28.6,16.2,21.2,12.7,301.1,1014.3,6.4,2.2,192.31,296.32,30.88,50.35,56.41,32.4,1.44,14.38,38.5,3.84,27.75,339.0
11-11-2019,27.7,14.8,20.8,11.0,293.1,1013.1,25.4,1.6,252.33,381.1,45.96,61.36,75.05,37.01,1.8,15.42,42.35,4.72,37.2,376.0
12-11-2019,27.0,14.0,20.0,10.8,274.6,1014.1,13.3,1.2,383.56,528.75,51.47,66.1,83.09,40.72,2.26,14.66,48.8,6.07,41.04,474.0
13-11-2019,28.0,14.6,20.8,12.8,263.6,1016.0,24.9,1.0,382.84,540.57,62.74,73.6,94.33,43.4,2.5,15.38,39.52,7.37,48.22,528.0
14-11-2019,26.0,16.8,20.9,14.8,246.0,1016.7,43.8,1.0,370.81,545.9,77.46,82.63,114.67,50.55,2.95,16.34,26.54,8.45,60.81,532.0
15-11-2019,27.4,17.0,21.3,15.3,285.0,1015.8,50.3,0.7,422.7,574.89,44.06,59.35,73.02,50.12,2.34,14.19,37.71,7.73,46.33,590.0
16-11-2019,28.8,17.8,21.8,14.0,297.8,1015.6,22.3,1.8,173.83,292.85,23.38,42.35,45.36,35.82,1.36,12.86,31.94,4.44,28.44,435.0
17-11-2019,28.6,15.0,21.1,13.3,285.3,1015.5,6.0,2.4,96.27,164.99,14.48,33.78,32.29,29.55,0.94,10.72,27.01,2.45,14.67,272.0
18-11-2019,25.0,15.0,19.6,12.8,276.7,1015.0,27.7,2.7,108.45,179.88,29.18,40.05,49.47,29.79,1.28,10.61,30.33,3.07,18.13,244.0
19-11-2019,26.3,13.9,19.7,12.0,267.8,1014.3,6.5,2.3,126.93,217.46,52.44,52.79,77.11,33.12,1.59,12.22,31.56,4.39,29.21,251.0
20-11-2019,27.4,14.1,19.8,12.0,273.4,1014.7,8.4,2.2,174.86,293.24,79.63,77.62,106.76,40.19,2.19,14.88,38.99,5.81,43.17,315.0
21-11-2019,27.9,13.8,19.8,12.1,309.0,1016.7,24.7,1.6,217.46,363.8,104.83,91.65,135.9,44.56,3.01,20.02,48.43,8.2,67.04,375.0
22-11-2019,27.1,14.0,21.0,12.2,294.1,1016.8,29.2,1.8,201.46,332.47,83.99,75.08,113.99,42.17,2.41,15.99,41.54,7.13,52.72,376.0
23-11-2019,26.2,15.4,20.6,13.0,266.0,1016.4,43.0,1.9,130.65,224.35,33.69,52.7,60.68,34.6,1.31,11.34,25.58,4.54,31.36,334.0
24-11-2019,26.2,15.0,20.6,13.9,272.6,1015.7,49.3,2.2,108.06,177.68,19.82,43.51,42.87,34.33,1.02,10.98,29.6,3.01,18.26,264.0
25-11-2019,27.0,15.2,20.9,13.5,339.1,1016.1,25.8,1.7,122.43,213.01,44.39,53.29,69.13,35.67,1.44,13.22,31.86,4.1,29.34,269.0
26-11-2019,28.0,17.1,22.1,13.6,53.5,1015.5,49.6,2.3,114.38,225.15,49.17,53.83,73.89,37.04,1.42,17.52,39.21,5.29,35.42,284.0
27-11-2019,26.5,15.9,20.6,14.8,37.6,1015.5,56.3,2.4,65.74,128.54,19.37,42.94,41.04,34.32,0.89,10.77,30.2,2.91,26.52,165.0
28-11-2019,22.4,16.8,19.1,14.5,63.8,1016.4,75.3,2.1,31.04,59.0,10.57,32.3,27.14,30.25,0.66,9.18,28.72,1.89,18.54,106.0
29-11-2019,24.2,14.1,18.4,13.9,344.4,1016.9,12.1,2.9,53.9,100.32,29.65,41.9,49.52,31.59,1.03,10.31,24.66,3.23,25.98,88.0
30-11-2019,21.9,13.0,16.8,13.6,273.6,1017.3,7.6,1.6,96.94,159.09,34.59,45.04,56.55,36.65,1.22,10.0,23.38,4.19,28.31,175.0
01-12-2019,22.8,11.2,16.5,11.1,274.7,1016.9,4.9,1.7,123.63,191.09,38.19,50.39,63.15,36.51,1.18,11.57,32.28,3.65,20.61,257.0
02-12-2019,22.6,10.2,15.8,9.6,273.9,1017.6,0.0,2.1,141.18,226.45,50.45,57.23,77.73,38.4,1.49,11.28,32.54,4.49,24.26,299.0
03-12-2019,23.9,10.0,16.0,7.5,268.2,1016.8,1.2,2.4,140.11,239.39,53.47,60.85,82.31,38.81,1.48,11.37,32.57,4.42,29.2,302.0
04-12-2019,23.2,9.2,16.2,7.6,314.8,1018.9,24.8,2.4,163.29,277.28,77.61,71.65,107.88,43.21,1.94,13.47,33.48,5.1,41.31,313.0
05-12-2019,22.4,9.1,16.0,8.9,314.3,1021.0,28.5,1.5,271.45,415.26,115.56,91.53,148.59,55.2,2.95,14.37,42.41,8.38,68.52,388.0
06-12-2019,23.7,10.2,16.3,11.4,290.2,1020.2,34.7,1.2,241.77,360.62,73.76,69.73,103.48,57.17,2.04,13.47,32.34,8.15,55.31,422.0
07-12-2019,23.8,10.8,16.3,11.6,355.1,1019.2,13.3,1.0,234.16,347.6,79.28,66.41,107.56,55.32,2.33,15.41,33.69,7.05,45.53,381.0
08-12-2019,23.0,10.7,16.4,11.0,295.3,1018.8,0.0,1.2,239.64,353.85,109.28,68.59,137.04,58.01,2.9,13.64,32.51,8.25,56.39,403.0
09-12-2019,22.9,9.7,16.0,9.1,293.4,1018.1,12.9,1.4,200.73,310.82,87.59,68.28,114.07,56.75,2.34,12.31,29.47,6.68,43.99,368.0
10-12-2019,22.0,9.4,15.4,9.3,270.2,1015.5,0.0,1.4,236.31,361.25,85.62,72.63,115.07,59.1,2.41,12.49,38.14,7.01,45.84,376.0
11-12-2019,22.5,9.7,16.2,10.2,113.9,1013.8,29.2,1.4,299.64,451.3,106.35,85.56,138.71,68.66,3.19,14.77,41.46,7.85,63.22,428.0
12-12-2019,21.0,14.2,16.9,12.2,86.4,1012.6,70.9,1.3,283.77,411.92,46.67,64.36,76.85,70.65,2.01,12.62,44.13,6.43,35.72,468.0
13-12-2019,19.0,13.3,15.5,14.0,95.1,1013.1,75.1,1.1,94.77,124.62,13.29,41.21,32.94,50.03,1.16,7.83,29.14,2.76,14.06,319.0
14-12-2019,18.3,12.0,14.6,11.5,297.3,1019.7,66.8,1.5,78.45,128.58,26.2,41.29,43.17,38.62,1.19,8.92,22.94,3.4,23.01,178.0
15-12-2019,18.8,10.0,13.6,11.2,266.6,1019.5,33.4,1.3,94.61,151.59,26.19,39.9,43.01,38.46,1.16,8.32,22.96,3.25,19.64,205.0
16-12-2019,12.6,10.9,11.2,10.2,277.1,1020.0,40.9,1.1,88.3,133.18,21.68,35.06,36.0,39.25,1.06,7.07,22.1,2.4,11.46,201.0
17-12-2019,12.1,8.7,11.0,8.7,289.2,1021.2,45.6,1.3,93.32,139.84,27.2,32.7,40.32,46.78,1.07,7.21,24.27,2.54,12.84,178.0
18-12-2019,17.5,8.4,11.4,8.9,267.7,1019.9,41.2,1.3,143.95,214.53,29.59,44.41,48.79,51.81,1.23,7.95,32.08,3.47,21.46,272.0
19-12-2019,14.5,6.9,10.3,9.1,96.5,1018.5,11.8,0.7,260.46,384.18,51.02,55.64,72.47,57.3,1.89,9.59,28.22,6.06,32.38,354.0
20-12-2019,16.4,9.0,11.1,10.2,253.9,1016.1,71.6,0.3,315.76,448.98,40.57,60.58,66.4,58.04,2.14,9.79,29.05,7.05,37.54,450.0
21-12-2019,17.0,9.6,12.4,11.1,270.9,1017.1,60.3,0.5,250.21,355.0,37.13,50.24,57.35,62.14,1.71,8.44,23.62,6.15,29.08,439.0
22-12-2019,14.0,9.0,10.8,10.1,282.9,1018.2,40.7,0.8,147.14,202.14,19.33,38.96,36.7,57.51,1.13,6.7,21.48,3.86,15.29,350.0
23-12-2019,12.0,6.9,9.7,8.7,278.3,1017.6,25.1,1.0,172.07,240.82,26.86,39.83,44.43,53.04,1.27,7.02,23.8,4.09,22.6,320.0
24-12-2019,15.4,7.5,10.3,8.7,311.2,1019.4,29.2,0.7,263.05,402.06,38.02,56.72,64.46,53.3,1.74,8.66,28.17,5.83,35.36,375.0
25-12-2019,11.1,7.0,8.5,7.7,284.2,1018.4,45.2,0.8,167.18,258.96,22.4,39.77,40.79,48.52,1.22,6.88,21.13,3.97,20.1,382.0
26-12-2019,12.5,6.1,8.4,6.7,287.8,1017.8,41.3,1.0,197.48,300.41,19.25,45.08,41.2,51.83,1.18,6.98,25.73,3.78,20.95,339.0
27-12-2019,13.2,5.5,8.5,6.2,292.0,1018.6,26.4,1.0,240.39,371.79,28.66,54.6,54.95,52.64,1.4,7.83,27.55,4.73,31.1,371.0
28-12-2019,12.5,3.0,7.0,6.2,262.2,1019.4,24.5,0.7,276.01,428.44,60.13,55.98,83.47,50.47,1.95,10.03,27.92,6.79,37.16,423.0
29-12-2019,14.8,4.6,8.7,6.8,320.0,1019.8,51.3,0.6,327.95,502.61,32.73,57.76,61.51,49.61,1.86,10.15,35.11,6.38,30.82,453.0
30-12-2019,9.1,4.7,6.5,6.3,119.0,1019.1,67.8,0.2,333.11,487.75,54.97,55.61,79.04,50.75,2.2,10.81,26.44,8.19,45.67,504.0
31-12-2019,14.2,4.7,8.4,5.4,100.8,1020.3,34.5,0.9,246.04,336.89,44.49,47.5,64.57,48.22,1.78,11.0,28.07,4.86,37.11,415.0
01-01-2020,19.6,3.8,11.1,7.3,79.3,1021.0,28.1,0.9,370.81,486.4,109.53,64.18,135.0,56.85,3.19,18.16,39.58,8.26,57.74,491.0
02-01-2020,21.7,6.4,13.9,9.0,63.0,1020.8,30.9,1.2,325.38,441.79,120.76,64.8,143.71,58.26,3.37,19.72,36.5,8.54,68.49,483.0
03-01-2020,22.0,9.4,15.3,10.6,90.3,1018.3,32.8,1.5,228.88,337.16,111.09,55.65,131.13,53.02,2.81,14.58,27.82,7.06,64.59,424.0
04-01-2020,21.1,9.4,14.3,10.1,281.9,1017.5,25.0,1.2,219.59,325.7,86.58,57.67,110.2,53.46,2.2,12.59,29.94,7.0,45.65,365.0
05-01-2020,20.2,8.6,14.2,8.8,274.3,1017.9,44.2,1.6,170.44,256.67,29.99,48.25,54.3,47.94,1.22,9.68,30.21,3.82,27.47,353.0
06-01-2020,18.9,11.0,14.4,9.9,21.7,1018.8,68.7,1.4,159.95,246.29,35.49,51.19,60.14,47.01,1.27,11.42,21.99,3.59,30.29,334.0
07-01-2020,18.0,13.0,15.2,12.3,93.4,1016.3,70.4,1.7,120.04,176.22,24.08,44.9,46.56,43.53,1.17,12.7,22.82,3.71,22.61,284.0
08-01-2020,14.2,11.0,13.0,12.2,336.1,1014.5,76.3,1.2,118.15,146.32,26.65,38.64,45.09,44.73,1.14,8.82,17.63,3.57,21.83,279.0
09-01-2020,14.0,8.0,10.9,9.0,286.2,1019.3,38.4,1.1,89.48,132.19,14.71,32.3,31.03,36.87,0.9,7.47,22.0,2.5,15.06,229.0
10-01-2020,17.0,6.0,10.7,7.9,275.5,1019.8,30.6,0.8,131.0,201.92,27.73,45.12,50.71,37.73,1.31,9.66,27.25,3.91,23.7,254.0
11-01-2020,19.0,7.0,12.1,7.5,263.4,1019.4,29.8,1.7,151.42,243.33,43.83,53.28,69.66,40.97,1.54,11.86,30.98,4.41,26.62,309.0
12-01-2020,21.8,8.3,13.8,8.7,260.5,1016.2,24.5,1.5,206.88,325.65,90.44,59.91,113.97,48.65,2.27,12.49,32.47,5.58,36.82,352.0
13-01-2020,21.0,9.6,15.0,11.3,129.8,1011.6,57.8,1.4,219.26,330.37,61.38,55.04,84.22,53.64,2.14,11.75,27.98,5.8,32.7,380.0
14-01-2020,16.1,10.0,13.3,11.6,313.2,1015.4,35.5,1.5,116.16,164.3,21.19,38.08,40.99,46.34,1.19,9.25,21.62,3.44,23.23,313.0
15-01-2020,19.1,8.2,13.2,10.5,320.3,1016.3,30.1,1.5,111.91,178.32,29.61,47.45,54.26,41.76,1.19,10.64,26.19,3.83,29.06,240.0
16-01-2020,15.2,8.0,12.2,10.6,315.6,1015.3,62.7,1.0,139.15,197.98,28.99,44.21,51.19,43.54,1.12,10.41,18.63,4.18,30.2,286.0
17-01-2020,16.7,11.4,13.0,11.5,293.4,1016.4,62.7,1.0,107.47,152.15,31.58,36.19,49.2,40.15,1.13,9.64,18.97,3.82,24.69,286.0
18-01-2020,16.5,10.5,12.5,10.5,299.8,1018.3,48.1,0.9,125.4,198.55,39.64,43.78,60.8,39.56,1.32,9.59,19.93,4.93,29.69,262.0
19-01-2020,15.8,7.9,10.5,9.1,267.1,1019.2,28.1,0.9,125.21,186.11,18.6,34.18,36.38,38.38,0.97,8.75,25.86,3.04,13.32,289.0
20-01-2020,15.3,8.0,11.0,10.2,268.7,1018.1,50.5,0.8,142.22,221.68,30.68,38.21,49.07,39.27,1.39,9.7,24.64,4.02,18.17,282.0
21-01-2020,19.7,10.3,13.6,11.4,104.9,1018.6,54.7,0.8,222.14,345.82,63.49,48.18,83.32,48.02,1.9,12.17,27.6,6.39,36.64,357.0
22-01-2020,16.4,8.3,11.6,10.5,262.5,1020.7,47.5,0.7,198.38,297.96,66.0,44.3,82.89,45.17,1.89,10.87,24.63,7.11,35.43,377.0
23-01-2020,19.8,9.0,13.1,7.1,275.6,1018.8,8.8,2.2,74.48,136.2,15.4,35.26,33.47,36.32,0.8,8.71,27.73,2.6,13.61,272.0
24-01-2020,20.3,6.0,13.0,6.0,268.3,1016.4,23.2,2.7,79.88,149.37,23.68,44.0,45.88,34.23,1.0,10.7,30.53,2.75,14.31,155.0
25-01-2020,19.5,7.0,13.4,7.1,287.8,1016.5,15.9,2.2,136.96,237.97,58.83,56.31,84.2,41.37,1.48,12.33,26.8,4.77,24.74,251.0
26-01-2020,22.2,8.0,14.2,8.8,275.9,1014.8,8.1,1.5,200.98,306.25,74.63,50.94,95.06,48.8,2.08,12.7,32.7,6.0,32.31,348.0
27-01-2020,22.0,10.3,15.7,10.3,57.3,1012.1,46.9,1.4,209.27,329.97,89.41,67.09,116.25,53.66,2.18,14.71,26.6,6.14,35.3,364.0
28-01-2020,21.1,13.0,15.8,13.7,91.2,1010.7,72.6,1.5,104.83,149.57,17.85,42.01,37.97,42.76,1.28,11.18,23.29,3.31,17.59,300.0
29-01-2020,20.0,11.0,14.8,11.4,310.9,1016.7,46.4,1.7,78.15,133.97,30.9,42.24,48.65,38.01,1.26,9.85,23.96,3.23,20.1,217.0
30-01-2020,19.4,9.0,14.0,10.7,285.6,1017.7,6.4,1.5,91.54,166.39,30.79,45.04,50.9,36.77,1.09,10.15,24.23,3.62,19.25,195.0
31-01-2020,18.7,7.0,12.4,8.7,278.5,1015.5,5.6,2.0,92.06,165.75,31.8,47.35,53.46,34.03,1.12,9.9,24.36,3.68,20.95,203.0
01-02-2020,19.1,7.6,13.0,8.5,296.7,1018.3,21.1,1.8,112.5,199.28,49.25,44.25,67.5,35.95,1.27,10.03,29.22,4.64,25.22,244.0
02-02-2020,18.4,7.0,12.0,8.4,277.0,1019.9,34.0,1.4,120.87,199.91,33.12,45.28,54.17,36.46,1.2,10.38,29.69,4.07,17.66,254.0
03-02-2020,21.0,6.8,13.6,7.2,267.3,1018.5,0.1,2.1,138.52,241.82,50.47,53.71,73.96,37.5,1.52,11.43,33.94,4.55,25.73,296.0
04-02-2020,21.4,7.6,14.6,7.9,121.6,1016.8,11.2,1.8,188.58,339.69,92.85,64.8,115.76,43.09,2.23,15.29,41.0,6.58,43.94,336.0
05-02-2020,20.9,8.7,14.3,9.3,287.9,1017.1,18.6,1.8,150.4,254.34,41.58,53.35,67.5,40.07,1.31,13.35,32.03,4.66,26.03,344.0
06-02-2020,19.0,7.6,12.9,7.9,267.0,1016.4,16.0,2.1,118.82,202.97,33.37,51.82,60.54,36.16,1.2,12.12,33.75,3.7,21.63,277.0
07-02-2020,19.2,7.5,13.1,8.0,308.6,1018.9,3.9,1.6,150.71,253.1,64.24,58.46,88.53,38.38,1.54,14.33,34.75,5.21,30.03,307.0
08-02-2020,20.5,8.8,13.6,8.4,287.1,1020.8,2.3,1.6,149.78,237.23,30.62,47.55,54.41,40.72,1.18,14.51,35.72,4.16,18.31,315.0
09-02-2020,21.7,8.0,14.2,9.1,304.9,1021.3,19.3,1.6,151.41,246.8,35.28,50.75,60.36,40.04,1.3,14.69,36.29,4.07,17.18,310.0
10-02-2020,20.5,7.0,13.4,8.4,270.0,1019.3,30.0,1.3,174.71,292.1,56.93,56.48,82.69,39.99,1.62,14.83,31.92,4.77,25.62,325.0
11-02-2020,22.2,7.8,14.9,8.9,275.9,1019.4,11.9,1.4,176.94,305.09,83.94,60.12,107.57,39.73,1.91,14.41,37.22,6.29,39.45,346.0
12-02-2020,23.9,10.0,16.1,11.3,265.5,1018.9,7.9,1.3,172.6,292.26,38.78,55.96,64.65,40.92,1.31,16.38,37.86,4.51,23.52,343.0
13-02-2020,27.0,11.0,18.7,11.7,262.6,1015.7,6.1,2.0,95.98,177.18,15.54,41.59,37.63,36.91,0.97,16.49,36.8,2.94,15.76,278.0
14-02-2020,24.4,13.1,18.5,10.1,279.2,1012.9,0.0,2.3,73.94,168.09,12.35,34.6,30.48,34.06,0.85,13.49,43.62,2.3,11.82,185.0
15-02-2020,25.0,10.0,17.4,7.8,265.0,1013.2,0.0,2.4,83.34,171.39,18.16,44.57,41.54,32.48,0.92,17.54,42.21,2.9,17.06,174.0
16-02-2020,26.1,10.7,17.8,9.1,285.0,1016.3,0.0,2.5,132.78,235.11,42.02,57.15,70.95,38.77,1.41,19.64,40.01,3.9,23.31,254.0
17-02-2020,25.9,10.9,17.4,9.5,273.7,1017.4,0.4,2.0,158.25,279.02,61.48,61.17,88.49,42.77,1.62,18.86,38.6,6.07,29.24,323.0
18-02-2020,25.2,11.0,17.8,7.7,270.1,1014.6,7.2,2.1,125.3,234.64,39.22,59.91,67.21,37.01,1.4,22.75,42.7,4.28,19.96,291.0
19-02-2020,26.0,10.0,18.9,9.8,112.5,1013.2,45.8,2.3,138.61,283.37,87.96,59.9,111.77,44.11,2.0,20.34,44.29,6.65,35.55,299.0
20-02-2020,26.9,15.2,20.7,12.3,103.4,1012.8,54.6,2.5,99.25,223.03,10.13,44.05,32.65,39.61,1.01,15.07,55.32,3.01,11.28,253.0
21-02-2020,20.0,14.0,17.2,14.0,61.9,1016.6,66.4,2.8,53.36,85.71,8.84,33.27,26.24,35.81,0.85,10.52,39.58,2.08,20.15,170.0
22-02-2020,24.0,13.0,17.9,13.6,56.9,1020.1,46.3,2.3,63.78,123.25,29.86,41.23,50.12,33.46,1.22,13.5,32.03,2.89,22.87,104.0
23-02-2020,26.4,14.5,20.0,14.9,323.5,1018.0,39.7,2.0,106.1,180.38,41.97,42.24,61.5,38.33,1.28,14.46,35.15,3.64,27.65,221.0
24-02-2020,25.7,14.1,19.7,13.9,303.8,1014.7,16.4,2.4,70.72,143.1,29.23,44.2,51.6,33.19,1.04,16.15,33.36,2.37,20.64,168.0
25-02-2020,25.5,14.0,19.4,14.2,281.4,1013.5,6.2,1.6,127.19,220.48,27.87,46.76,52.38,39.61,1.23,18.56,35.32,3.25,17.93,244.0
26-02-2020,26.7,14.4,20.3,13.8,274.3,1014.1,19.8,1.6,141.39,257.62,56.86,50.67,78.58,42.7,1.56,17.85,38.64,4.82,30.78,303.0
27-02-2020,27.0,15.0,20.7,16.0,111.3,1014.5,37.6,1.6,107.6,203.12,22.85,46.15,46.13,43.64,1.25,14.91,36.36,3.81,21.29,270.0
28-02-2020,25.9,17.9,21.3,16.5,110.5,1013.0,47.2,2.1,83.66,161.04,8.21,33.92,26.32,41.44,0.99,11.66,41.53,2.72,11.32,214.0
29-02-2020,26.9,16.0,20.2,16.2,91.7,1012.2,65.9,2.1,60.14,115.6,9.66,33.98,27.57,34.88,0.85,12.19,37.35,2.48,15.24,144.0
01-03-2020,26.1,15.0,20.5,15.1,111.4,1013.0,30.7,2.5,42.91,91.07,20.57,40.73,41.36,31.4,0.99,12.34,39.84,2.22,22.22,104.0
02-03-2020,28.0,16.3,21.4,16.2,272.2,1012.7,32.8,2.0,99.36,203.03,64.58,50.23,85.92,39.78,1.61,15.93,36.64,4.59,37.22,192.0
03-03-2020,28.1,15.9,21.8,14.3,289.2,1011.2,26.9,2.1,86.33,187.21,50.52,46.6,71.98,37.02,1.24,15.68,32.39,4.04,39.07,226.0
04-03-2020,28.4,16.2,21.1,13.9,120.0,1010.2,33.1,2.5,82.94,193.56,40.18,45.62,60.78,37.32,1.12,16.49,41.77,3.61,28.1,200.0
05-03-2020,26.4,15.0,19.5,14.9,99.6,1010.4,74.0,2.5,31.43,67.2,11.78,32.97,28.54,32.27,0.83,11.56,36.98,1.84,16.23,111.0
06-03-2020,21.1,13.0,16.0,13.8,91.3,1009.3,72.1,1.9,21.33,38.17,12.55,33.71,29.75,29.56,0.89,10.55,33.52,1.5,14.66,82.0
07-03-2020,20.6,14.0,17.2,14.5,124.3,1013.9,62.7,2.2,41.01,85.2,17.41,35.53,34.85,29.01,0.83,12.13,35.47,1.96,20.81,77.0
08-03-2020,25.0,13.6,18.3,13.5,299.6,1016.1,24.9,2.1,72.07,138.36,45.65,37.14,61.74,31.51,1.13,12.87,34.59,3.53,35.59,155.0
09-03-2020,25.0,13.8,18.6,12.0,281.3,1013.2,6.0,2.8,58.09,132.29,18.86,32.29,34.79,29.29,0.76,13.61,34.54,1.93,17.39,138.0
10-03-2020,25.5,12.3,19.3,11.9,148.3,1011.9,21.4,2.4,84.2,160.13,14.46,30.22,29.74,30.99,0.86,17.56,47.66,2.4,15.42,186.0
11-03-2020,26.8,16.5,21.2,15.7,107.4,1009.3,55.8,2.8,55.12,112.64,10.1,29.76,24.99,32.88,0.77,14.08,42.36,1.98,11.98,127.0
12-03-2020,27.0,16.2,21.6,14.0,136.9,1011.5,51.8,2.9,56.96,155.12,21.91,36.74,39.57,35.31,0.94,13.98,34.27,2.31,19.42,124.0
13-03-2020,27.5,15.0,21.2,10.5,251.1,1013.5,28.4,2.8,68.89,206.12,29.31,40.53,49.0,31.36,0.89,15.74,37.42,2.69,24.14,170.0
14-03-2020,23.1,15.6,18.6,15.8,71.5,1015.1,53.7,2.5,39.49,85.43,14.67,34.59,32.7,34.29,0.78,11.85,29.17,2.03,17.66,130.0
15-03-2020,24.6,13.0,18.6,12.9,320.5,1016.4,40.8,2.0,60.94,123.69,26.33,41.09,46.69,31.09,0.92,14.21,37.25,2.5,23.03,123.0
16-03-2020,25.8,14.3,20.0,13.4,282.4,1016.4,36.5,2.4,61.6,142.18,21.37,41.52,44.12,31.07,0.9,15.17,38.38,2.35,20.26,148.0
17-03-2020,27.4,14.0,21.1,13.6,285.5,1016.2,0.0,2.7,69.75,157.29,26.05,43.5,48.87,32.31,1.01,15.42,40.59,2.73,20.75,163.0
18-03-2020,29.0,15.0,22.3,14.6,272.6,1014.5,9.1,2.4,69.0,159.58,29.29,45.86,53.31,32.99,1.08,15.14,41.73,3.14,28.75,161.0
19-03-2020,30.0,16.0,23.4,16.1,292.0,1011.2,22.3,2.4,90.32,192.33,37.81,45.67,59.24,36.15,1.14,17.96,43.16,3.45,33.07,191.0
20-03-2020,30.6,17.0,24.1,16.0,91.3,1010.0,38.0,2.3,90.38,199.33,30.21,51.26,55.88,34.3,1.25,20.13,48.23,3.84,36.36,209.0
21-03-2020,30.0,19.4,24.7,15.4,291.6,1010.5,46.4,2.7,82.36,181.98,31.58,46.04,54.04,36.61,1.17,18.91,43.19,3.44,33.6,205.0
22-03-2020,30.4,17.0,24.4,15.4,299.1,1012.4,16.2,2.7,78.76,133.77,14.49,29.85,30.31,32.61,0.92,16.91,47.67,2.92,21.52,198.0
23-03-2020,31.8,18.0,24.8,14.3,269.8,1012.0,31.8,2.6,54.35,100.03,11.75,25.96,25.31,30.31,0.79,15.46,46.48,2.0,16.1,127.0
24-03-2020,32.5,19.7,24.1,15.8,140.1,1010.5,55.7,2.7,56.0,103.76,12.3,27.07,26.48,31.91,0.82,16.04,38.23,2.59,16.34,124.0
25-03-2020,32.5,18.0,24.4,16.1,302.5,1011.2,37.8,3.1,37.9,67.7,13.09,21.11,22.57,34.43,0.68,11.76,32.11,1.72,13.65,92.0
26-03-2020,27.8,20.0,23.7,17.0,274.2,1012.4,58.3,2.4,45.47,75.09,9.02,16.58,17.41,33.68,0.59,13.1,30.59,1.41,8.95,92.0
27-03-2020,25.6,18.0,21.1,16.4,142.8,1014.1,62.9,2.6,26.95,45.15,8.34,15.32,15.89,27.4,0.54,11.27,27.38,1.13,9.33,76.0
28-03-2020,28.0,17.2,22.1,15.4,305.0,1014.6,23.7,2.7,21.28,34.16,9.87,17.52,18.34,25.22,0.55,10.46,25.06,1.09,9.77,51.0
29-03-2020,29.7,17.0,23.5,13.8,303.5,1012.5,0.7,3.2,27.59,55.75,8.74,16.6,16.42,23.98,0.53,10.6,35.75,0.99,8.47,64.0
30-03-2020,29.6,17.8,23.4,12.9,287.2,1012.4,19.7,3.1,34.99,64.38,8.29,17.52,16.62,23.21,0.59,12.74,40.26,1.09,9.14,74.0
31-03-2020,32.0,17.8,24.0,12.6,309.3,1011.0,38.7,3.3,35.24,66.46,9.36,18.03,18.01,26.5,0.57,12.54,40.96,1.08,9.14,81.0
01-04-2020,32.3,18.9,24.4,14.8,292.2,1010.2,26.7,3.2,32.7,65.21,10.4,19.17,19.26,26.73,0.63,13.23,35.06,1.14,9.24,79.0
02-04-2020,30.8,18.0,24.5,13.3,294.9,1011.1,19.8,3.3,28.5,60.47,9.91,17.18,17.72,22.22,0.61,11.05,39.47,0.93,8.07,78.0
03-04-2020,30.0,16.0,23.6,9.6,284.1,1012.0,36.9,3.4,31.4,61.95,9.29,20.07,19.33,21.54,0.63,12.25,46.82,1.15,8.66,84.0
04-04-2020,32.0,16.0,24.5,10.6,288.2,1011.9,19.7,3.2,40.84,76.7,10.07,22.38,21.19,23.06,0.69,12.82,41.26,1.33,9.67,90.0
05-04-2020,33.0,18.3,25.9,13.5,322.4,1012.5,24.4,3.1,51.8,96.29,10.99,24.42,22.78,25.14,0.81,16.36,44.55,1.79,12.37,103.0
06-04-2020,35.7,20.2,28.2,13.6,300.2,1011.3,15.0,3.1,59.62,114.12,11.05,24.37,22.68,26.41,0.83,15.89,44.16,2.1,12.75,133.0
07-04-2020,33.0,19.0,26.6,13.4,307.7,1009.5,40.5,3.2,32.97,93.05,8.5,19.27,17.38,25.53,0.61,13.75,42.65,1.03,9.23,100.0
08-04-2020,33.0,21.0,26.5,11.4,299.4,1010.0,28.4,3.5,29.78,78.13,8.38,18.56,16.51,23.41,0.56,13.04,45.8,1.01,8.43,90.0
09-04-2020,32.6,15.3,25.6,10.7,279.5,1010.5,35.3,3.8,36.02,75.59,8.49,21.37,18.16,23.84,0.66,14.41,48.34,1.13,7.42,89.0
10-04-2020,35.0,19.0,27.9,11.2,302.4,1011.4,31.2,3.2,64.47,114.9,9.54,33.47,28.35,28.61,1.01,12.92,22.93,1.95,13.18,98.0
